Freq.Sweep,POI 230kV FirstEnergy,POI 230kV FirstEnergy,POI 230kV FirstEnergy,POI 230kV FirstEnergy,POI 230kV FirstEnergy,POI 230kV FirstEnergy,POI 230kV FirstEnergy,POI 230kV FirstEnergy,POI 230kV FirstEnergy,POI 230kV FirstEnergy
"Rated Frequency","R, Re(Z) in Ohm","X, Im(Z) in Ohm","Z, Magnitude in Ohm","R1 in Ohm","X1 in Ohm","R2 in Ohm","X2 in Ohm","Z1 in Ohm","Z2 in Ohm","Z0 in Ohm"
1.500000,9.950214,53.962907,54.872598,9.906894,63.087906,9.906894,63.087906,63.861025,63.861025,37.094517
1.666667,21.751136,82.776342,85.586416,26.438590,103.792378,26.438590,103.792378,107.106754,107.106754,42.579839
1.833333,134.143235,158.080399,207.325397,193.305797,213.798659,193.305797,213.798659,288.230806,288.230806,49.251297
2.000000,72.634959,-99.029987,122.811953,98.279018,-175.364344,98.279018,-175.364344,201.025915,201.025915,57.724995
2.166667,22.525430,-31.143638,38.435936,18.434949,-77.629152,18.434949,-77.629152,79.788048,79.788048,69.036960
2.333333,21.259019,-6.563545,22.249180,7.806897,-44.695032,7.806897,-44.695032,45.371726,45.371726,84.723402
2.500000,29.867576,3.481797,30.069835,4.621362,-28.551313,4.621362,-28.551313,28.922905,28.922905,104.976382
2.666667,39.907955,-3.604448,40.070399,3.290917,-18.705162,3.290917,-18.705162,18.992452,18.992452,116.218042
2.833333,31.127361,-16.941314,35.438972,2.632185,-11.869266,2.632185,-11.869266,12.157626,12.157626,92.174029
3.000000,17.152745,-15.466769,23.096268,2.276308,-6.699470,2.276308,-6.699470,7.075625,7.075625,57.338629
3.166667,9.805680,-8.902687,13.244213,2.089497,-2.545721,2.089497,-2.545721,3.293432,3.293432,33.217472
3.333333,6.373310,-2.821380,6.969883,1.995321,0.872399,1.995321,0.872399,2.177702,2.177702,18.240027
3.500000,4.627749,2.241092,5.141844,1.891374,3.887658,1.891374,3.887658,4.323329,4.323329,10.147374
3.666667,3.693236,6.457104,7.438695,1.857552,6.575926,1.857552,6.575926,6.833250,6.833250,9.640610
3.833333,3.160531,10.077832,10.561802,1.853175,9.012170,1.853175,9.012170,9.200732,9.200732,13.511829
4.000000,2.855005,13.267604,13.571307,1.867913,11.258106,1.867913,11.258106,11.412013,11.412013,17.955478
4.166667,2.682276,16.141043,16.362392,1.896872,13.356596,1.896872,13.356596,13.490619,13.490619,22.130067
4.333333,2.592268,18.778369,18.956450,1.937128,15.338683,1.937128,15.338683,15.460519,15.460519,25.960418
4.500000,2.556758,21.235761,21.389122,1.986816,17.227542,1.986816,17.227542,17.341731,17.341731,29.492431
4.666667,2.558972,23.553493,23.692095,2.044725,19.040904,2.044725,19.040904,19.150377,19.150377,32.783114
4.833333,2.588534,25.761159,25.890883,2.110079,20.792612,2.110079,20.792612,20.899406,20.899406,35.881309
5.000000,2.638831,27.881017,28.005616,2.182409,22.493672,2.182409,22.493672,22.599296,22.599296,38.825843
5.166667,2.705561,29.930156,30.052193,2.261468,24.152977,2.261468,24.152977,24.258618,24.258618,41.647082
5.333333,2.785901,31.921953,32.043289,2.347181,25.777824,2.347181,25.777824,25.884464,25.884464,44.368804
5.500000,2.878003,33.867062,33.989127,2.439611,27.374285,2.439611,27.374285,27.482780,27.482780,47.009785
5.666667,2.980687,35.774101,35.898061,2.538936,28.947479,2.538936,28.947479,29.058609,29.058609,49.585001
5.833333,3.093246,37.650150,37.777003,2.645439,30.501778,2.645439,30.501778,30.616284,30.616284,52.106533
6.000000,3.215322,39.501100,39.631745,2.759498,32.040963,2.759498,32.040963,32.159573,32.159573,54.584235
6.166667,3.346824,41.331921,41.467203,2.881586,33.568343,2.881586,33.568343,33.691797,33.691797,57.026226
6.333333,3.487873,43.146852,43.287598,3.012273,35.086845,3.012273,35.086845,35.215913,35.215913,59.439261
6.500000,3.638771,44.949554,45.096597,3.152227,36.599093,3.152227,36.599093,36.734590,36.734590,61.829016
6.666667,3.799978,46.743219,46.897424,3.302226,38.107457,3.302226,38.107457,38.250268,38.250268,64.200292
6.833333,3.972103,48.530659,48.692941,3.463168,39.614107,3.463168,39.614107,39.765199,39.765199,66.557183
7.000000,4.155899,50.314373,50.485717,3.636082,41.121043,3.636082,41.121043,41.281488,41.281488,68.903198
7.166667,4.352264,52.096597,52.278080,3.822147,42.630125,3.822147,42.630125,42.801126,42.801126,71.241361
7.333333,4.562250,53.879348,54.072158,4.022712,44.143095,4.022712,44.143095,44.326009,44.326009,73.574280
7.500000,4.787073,55.664448,55.869910,4.239321,45.661589,4.239321,45.661589,45.857961,45.857961,75.904209
7.666667,5.028131,57.453550,57.673153,4.473744,47.187151,4.473744,47.187151,47.398751,47.398751,78.233092
7.833333,5.287022,59.248146,59.483573,4.728008,48.721230,4.728008,48.721230,48.950100,48.950100,80.562591
8.000000,5.565573,61.049575,61.302742,5.004444,50.265179,5.004444,50.265179,50.513688,50.513688,82.894116
8.166667,5.859528,62.859080,63.131593,5.296223,51.820334,5.296223,51.820334,52.090277,52.090277,85.228837
8.333333,6.190281,64.677488,64.973049,5.634961,53.387525,5.634961,53.387525,53.684081,53.684081,87.567693
8.500000,6.541531,66.505802,66.826741,5.995699,54.967970,5.995699,54.967970,55.293997,55.293997,89.911400
8.666667,6.922720,68.344548,68.694259,6.392070,56.562289,6.392070,56.562289,56.922325,56.922325,92.260445
8.833333,7.337398,70.194028,70.576477,6.828850,58.170894,6.828850,58.170894,58.570352,58.570352,94.615084
9.000000,7.789627,72.054187,72.474024,7.311569,59.793786,7.311569,59.793786,60.239156,60.239156,96.975328
9.166667,8.284053,73.924502,74.387214,7.846635,61.430401,7.846635,61.430401,61.929507,61.929507,99.340930
9.333333,8.825991,75.803842,76.315926,8.441460,63.079410,8.441460,63.079410,63.641733,63.641733,101.711366
9.500000,9.421498,77.690273,78.259461,9.104599,64.738433,9.104599,64.738433,65.375518,65.375518,104.085817
9.666667,10.077451,79.580799,80.216324,9.845879,66.403658,9.845879,66.403658,67.129629,67.129629,106.463146
9.833333,10.801601,81.471010,82.183940,10.676500,68.069329,10.676500,68.069329,68.901533,68.901533,108.841870
10.000000,11.602574,83.354622,84.158260,11.609070,69.727061,11.609070,69.727061,70.686870,70.686870,111.220143
10.166667,12.489788,85.222875,86.133229,12.657512,71.364938,12.657512,71.364938,72.478735,72.478735,113.595731
10.333333,13.473207,87.063753,88.100082,13.836735,72.966357,13.836735,72.966357,74.266711,74.266711,115.965999
10.500000,14.562828,88.861029,90.046424,15.161914,74.508577,15.161914,74.508577,76.035595,76.035595,118.327907
10.666667,15.767739,90.593127,91.955078,16.647121,75.961012,16.647121,75.961012,77.763758,77.763758,120.678014
10.833333,17.094516,92.231911,93.802707,18.302994,77.283377,18.302994,77.283377,79.421156,79.421156,123.012507
11.000000,18.544698,93.741607,95.558331,20.132989,78.424047,20.132989,78.424047,80.967083,80.967083,125.327250
11.166667,20.111018,95.078359,97.182032,22.127809,79.319323,22.127809,79.319323,82.348011,82.348011,127.617871
11.333333,21.772298,96.191222,98.624460,24.257785,79.894850,24.257785,79.894850,83.496271,83.496271,129.879875
11.500000,23.487298,97.025839,99.828186,26.463713,80.071038,26.463713,80.071038,84.330891,84.330891,132.108816
11.666667,25.188853,97.532241,100.732399,28.648076,79.774631,28.648076,79.774631,84.762633,84.762633,134.300501
11.833333,26.781020,97.677639,101.282497,30.670772,78.957775,30.670772,78.957775,84.705528,84.705528,136.451254
12.000000,28.143337,97.463151,101.445124,32.355480,77.622932,32.355480,77.622932,84.096353,84.096353,138.558209
12.166667,29.145980,96.939738,101.226484,33.512314,75.846640,33.512314,75.846640,82.920371,82.920371,140.619643
12.333333,29.675789,96.215193,100.687714,33.976742,73.789838,33.976742,73.789838,81.236440,81.236440,142.635313
12.500000,29.666104,95.444265,99.948414,33.654176,71.682917,33.654176,71.682917,79.189925,79.189925,144.606772
12.666667,29.117573,94.800972,99.171858,32.550961,69.784109,32.550961,69.784109,77.002512,77.002512,146.537638
12.833333,28.098976,94.442748,98.534182,30.775363,68.325661,30.775363,68.325661,74.936766,74.936766,148.433765
13.000000,26.727458,94.481684,98.189336,28.507648,67.470747,28.507648,67.470747,73.246076,73.246076,150.303294
13.166667,25.138435,94.973602,98.244216,25.954684,67.297187,25.954684,67.297187,72.128753,72.128753,152.156551
13.333333,23.458543,95.925268,98.752014,23.309132,67.808466,23.309132,67.808466,71.702885,71.702885,154.005783
13.500000,21.790105,97.312407,99.722180,20.725988,68.961009,20.725988,68.961009,72.008245,72.008245,155.864741
13.666667,20.208741,99.099870,101.139396,18.318899,70.694726,18.318899,70.694726,73.029627,73.029627,157.748140
13.833333,18.771791,101.258103,102.983415,16.172803,72.958028,16.172803,72.958028,74.729067,74.729067,159.671046
14.000000,17.535310,103.772953,105.244063,14.369501,75.722828,14.369501,75.722828,77.074180,77.074180,161.648237
14.166667,16.580104,106.645192,107.926349,13.026883,78.984079,13.026883,78.984079,80.051137,80.051137,163.693615
14.333333,16.048374,109.867636,111.033543,12.354095,82.725644,12.354095,82.725644,83.643026,83.643026,165.819709
14.500000,16.176031,113.348063,114.496495,12.700269,86.804778,12.700269,86.804778,87.728936,87.728936,168.037309
14.666667,17.230009,116.748615,118.013187,14.460744,90.711281,14.460744,90.711281,91.856680,91.856680,170.355249
14.833333,19.173110,119.410689,120.940154,17.574556,93.454798,17.574556,93.454798,95.092924,95.092924,172.780341
15.000000,21.337818,120.850232,122.719522,21.035355,94.307706,21.035355,94.307706,96.625201,96.625201,175.317440
15.166667,23.030158,121.283900,123.451094,23.797377,93.594249,23.797377,93.594249,96.572246,96.572246,177.969608
15.333333,23.946493,120.963190,123.310697,25.400773,91.691580,25.400773,91.691580,95.144864,95.144864,180.738357
15.500000,23.498428,120.328675,122.601656,24.959005,89.260969,24.959005,89.260969,92.684802,92.684802,183.623926
15.666667,21.817729,120.527633,122.486422,22.666304,88.024132,22.666304,88.024132,90.895595,90.895595,186.625568
15.833333,19.909952,121.877187,123.492732,20.028107,88.457759,20.028107,88.457759,90.696748,90.696748,189.741834
16.000000,18.295997,123.950799,125.293831,17.823338,89.923166,17.823338,89.923166,91.672499,91.672499,192.970820
16.166667,17.028300,126.392502,127.534417,16.128670,91.887557,16.128670,91.887557,93.292321,93.292321,196.310391
16.333333,16.022570,129.025850,130.016894,14.816090,94.087386,14.816090,94.087386,95.246799,95.246799,199.758364
16.500000,15.268366,131.790362,132.671860,13.868713,96.432955,13.868713,96.432955,97.425130,97.425130,203.312647
16.666667,14.669851,134.650565,135.447330,13.141866,98.871939,13.141866,98.871939,99.741511,99.741511,206.971351
16.833333,14.206053,137.608027,138.339369,12.603425,101.407409,12.603425,101.407409,102.187617,102.187617,210.732875
17.000000,13.947152,140.677088,141.366779,12.358202,104.061410,12.358202,104.061410,104.792663,104.792663,214.595952
17.166667,13.880615,143.867136,144.535201,12.387105,106.848358,12.387105,106.848358,107.563990,107.563990,218.559690
17.333333,14.145074,147.154619,147.832896,12.897917,109.733066,12.897917,109.733066,110.488471,110.488471,222.623590
17.500000,14.928289,150.348079,151.087387,14.172208,112.428280,14.172208,112.428280,113.318002,113.318002,226.787551
17.666667,16.186572,152.884625,153.739109,16.144437,114.089395,16.144437,114.089395,115.226008,115.226008,231.051872
17.833333,16.983459,154.438381,155.369403,17.409922,114.227144,17.409922,114.227144,115.546293,115.546293,235.417245
18.000000,16.672175,156.085873,156.973759,16.998500,114.455769,16.998500,114.455769,115.711158,115.711158,239.884635
18.166667,16.066654,158.565235,159.377135,16.131244,115.881569,16.131244,115.881569,116.998954,116.998954,244.455695
18.333333,15.839175,161.576206,162.350700,15.816606,118.053215,15.816606,118.053215,119.108046,119.108046,249.132137
18.500000,16.186392,164.620955,165.414806,16.349613,120.222804,16.349613,120.222804,121.329438,121.329438,253.916116
18.666667,16.888765,167.100812,167.952112,17.400970,121.491010,17.400970,121.491010,122.730841,122.730841,258.810129
18.833333,17.039908,168.926653,169.783900,17.611053,121.722682,17.611053,121.722682,122.990083,122.990083,263.817007
19.000000,16.346652,171.093638,171.872761,16.540050,122.408965,16.540050,122.408965,123.521367,123.521367,268.939902
19.166667,15.548934,173.970535,174.664011,15.297774,124.101247,15.297774,124.101247,125.040559,125.040559,274.182289
19.333333,14.999783,177.236772,177.870365,14.413489,126.316691,14.413489,126.316691,127.136364,127.136364,279.548067
19.500000,14.684637,180.660803,181.256625,13.865385,128.705989,13.865385,128.705989,129.450687,129.450687,285.041145
19.666667,14.533719,184.156249,184.728863,13.548398,131.137302,13.548398,131.137302,131.835318,131.835318,290.666051
19.833333,14.495873,187.698024,188.256948,13.385451,133.570623,13.385451,133.570623,134.239642,134.239642,296.427536
20.000000,14.539543,191.282079,191.833866,13.328935,135.997258,13.328935,135.997258,136.648874,136.648874,302.330832
20.166667,14.646260,194.911046,195.460555,13.350412,138.418615,13.350412,138.418615,139.060945,139.060945,308.381067
20.333333,14.804429,198.589544,199.140599,13.432041,140.838683,13.432041,140.838683,141.477752,141.477752,314.584151
20.500000,15.007007,202.322551,202.878350,13.562610,143.261892,13.562610,143.261892,143.902447,143.902447,320.946208
20.666667,15.249649,206.114945,206.678306,13.734865,145.692345,13.734865,145.692345,146.338326,146.338326,327.473737
20.833333,15.529742,209.971392,210.544908,13.944054,148.133641,13.944054,148.133641,148.788482,148.788482,334.173624
21.000000,15.845844,213.896365,214.482507,14.187076,150.588898,14.187076,150.588898,151.255708,151.255708,341.053164
21.166667,16.197335,217.894191,218.495383,14.461957,153.060807,14.461957,153.060807,153.742508,153.742508,348.120074
21.333333,16.584024,221.968999,222.587660,14.767380,155.551557,14.767380,155.551557,156.250960,156.250960,355.382498
21.500000,17.006755,226.125158,226.763791,15.103068,158.063458,15.103068,158.063458,158.783373,158.783373,362.849120
21.666667,17.466235,230.366741,231.027931,15.468772,160.598158,15.468772,160.598158,161.341412,161.341412,370.529051
21.833333,17.963690,234.697934,235.384397,15.864758,163.157217,15.864758,163.157217,163.926715,163.926715,378.431950
22.000000,18.500660,239.122965,239.837585,16.291599,165.741998,16.291599,165.741998,166.540764,166.540764,386.568031
22.166667,19.078978,243.646125,244.391984,16.750133,168.353683,16.750133,168.353683,169.184898,169.184898,394.948094
22.333333,19.700759,248.271782,249.052198,17.241436,170.993278,17.241436,170.993278,171.860316,171.860316,403.583564
22.500000,20.368400,253.004391,253.822957,17.766801,173.661614,17.766801,173.661614,174.568082,174.568082,412.486523
22.666667,21.084577,257.848505,258.709124,18.327716,176.359339,18.327716,176.359339,177.309113,177.309113,421.669752
22.833333,21.852250,262.808777,263.715707,18.925862,179.086913,18.925862,179.086913,180.084177,180.084177,431.146777
23.000000,22.674671,267.889962,268.847861,19.563092,181.844585,19.563092,181.844585,182.893870,182.893870,440.931908
23.166667,23.555391,273.096917,274.110894,20.241428,184.632376,20.241428,184.632376,185.738606,185.738606,451.040292
23.333333,24.498266,278.434598,279.510268,20.963045,187.450048,20.963045,187.450048,188.618583,188.618583,461.487967
23.500000,25.507466,283.908053,285.051598,21.730259,190.297078,21.730259,190.297078,191.533762,191.533762,472.291912
23.666667,26.587477,289.522416,290.740646,22.545504,193.172616,22.545504,193.172616,194.483827,194.483827,483.470114
23.833333,27.743102,295.282893,296.583322,23.411311,196.075447,23.411311,196.075447,197.468150,197.468150,495.041628
24.000000,28.979462,301.194756,302.585675,24.330271,199.003946,24.330271,199.003946,200.485742,200.485742,507.026651
24.166667,30.301985,307.263326,308.753885,25.304997,201.956027,25.304997,201.956027,203.535205,203.535205,519.446596
24.333333,31.716384,313.493961,315.094260,26.338060,204.929092,26.338060,204.929092,206.614680,206.614680,532.324177
24.500000,33.228640,319.892053,321.613227,27.431928,207.919982,27.431928,207.919982,209.721791,209.721791,545.683507
24.666667,34.844955,326.463013,328.317331,28.588870,210.924924,28.588870,210.924924,212.853582,212.853582,559.550197
24.833333,36.571703,333.212284,335.213239,29.810850,213.939492,29.810850,213.939492,216.006466,216.006466,573.951477
25.000000,38.415367,340.145350,342.307755,31.099401,216.958571,31.099401,216.958571,219.176172,219.176172,588.916335
25.166667,40.382446,347.267770,349.607846,32.455462,219.976341,32.455462,219.976341,222.357702,222.357702,604.475671
25.333333,42.479359,354.585241,357.120693,33.879201,222.986292,33.879201,222.986292,225.545309,225.545309,620.662484
25.500000,44.712329,362.103684,364.853766,35.369825,225.981258,35.369825,225.981258,228.732493,228.732493,637.512088
25.666667,47.087247,369.829386,372.814945,36.925337,228.953514,36.925337,228.953514,231.912036,231.912036,655.062378
25.833333,49.609537,377.769182,381.012678,38.542327,231.894915,38.542327,231.894915,235.076078,235.076078,673.354139
26.000000,52.284019,385.930719,389.456209,40.215726,234.797103,40.215726,234.797103,238.216256,238.216256,692.431431
26.166667,55.114784,394.322783,398.155870,41.938601,237.651798,41.938601,237.651798,241.323897,241.323897,712.342047
26.333333,58.105105,402.955721,407.123466,43.701978,240.451156,43.701978,240.451156,244.390305,244.390305,733.138073
26.500000,61.257402,411.841953,416.372746,45.494743,243.188219,45.494743,243.188219,247.407117,247.407117,754.876576
26.666667,64.573283,420.996576,425.919976,47.303628,245.857426,47.303628,245.857426,250.366745,250.366745,777.620428
26.833333,68.053695,430.438057,435.784610,49.113331,248.455171,49.113331,248.455171,253.262889,253.262889,801.439311
27.000000,71.699207,440.189004,445.990062,50.906796,250.980378,50.906796,250.980378,256.091101,256.091101,826.410930
27.166667,75.510446,450.276984,456.564552,52.665646,253.435044,52.665646,253.435044,258.849361,258.849361,852.622471
27.333333,79.488711,460.735379,467.542025,54.370798,255.824687,54.370798,255.824687,261.538628,261.538628,880.172343
27.500000,83.636758,471.604235,478.963111,56.003231,258.158651,56.003231,258.158651,264.163304,264.163304,909.172263
27.666667,87.959744,482.931093,490.876112,57.544844,260.450215,57.544844,260.450215,266.731557,266.731557,939.749726
27.833333,92.466338,494.771788,503.338004,58.979375,262.716447,58.979375,262.716447,269.255451,269.255451,972.050931
28.000000,97.169954,507.191225,516.415471,60.293283,264.977818,60.293283,264.977818,271.750849,271.750849,1006.244239
28.166667,102.090082,520.264148,530.185976,61.476500,267.257564,61.476500,267.257564,274.237061,274.237061,1042.524271
28.333333,107.253731,534.075992,544.738954,62.523001,269.580856,62.523001,269.580856,276.736271,276.736271,1081.116746
28.500000,112.696989,548.723860,560.177191,63.431123,271.973838,63.431123,271.973838,279.272762,279.272762,1122.284254
28.666667,118.466744,564.317765,576.618513,64.203594,274.462629,64.203594,274.462629,281.872021,281.872021,1166.333149
28.833333,124.622676,580.982252,594.197937,64.847307,277.072379,64.847307,277.072379,284.559794,284.559794,1213.621882
29.000000,131.239679,598.858526,613.070459,65.372858,279.826437,65.372858,279.826437,287.361175,287.361175,1264.571148
29.166667,138.410890,618.107271,633.414693,65.793893,282.745726,65.793893,282.745726,290.299814,290.299814,1319.676401
29.333333,146.251682,638.912311,655.437637,66.126371,285.848324,66.126371,285.848324,293.397276,293.397276,1379.523463
29.500000,154.904974,661.485340,679.380899,66.387799,289.149271,66.387799,289.149271,296.672615,296.672615,1444.808228
29.666667,164.548451,686.071952,705.528820,66.596478,292.660578,66.596478,292.660578,300.142141,300.142141,1516.361862
29.833333,175.404476,712.959309,734.219114,66.770859,296.391419,66.770859,296.391419,303.819388,303.819388,1595.183383
30.000000,187.753844,742.485826,765.856846,66.929005,300.348431,66.929005,300.348431,307.715244,307.715244,1682.482333
30.166667,201.955057,775.053375,800.932943,67.088185,304.536114,67.088185,304.536114,311.838210,311.838210,1779.735299
30.333333,218.471715,811.142597,840.048929,67.264606,308.957260,67.264606,308.957260,316.194743,316.194743,1888.761708
30.500000,237.911973,851.331947,883.950333,67.473289,313.613387,67.473289,313.613387,320.789653,320.789653,2011.826739
30.666667,261.086307,896.320982,933.572366,67.728031,318.505151,67.728031,318.505151,325.626500,325.626500,2151.782845
30.833333,289.093678,946.957790,990.103131,68.041509,323.632688,68.041509,323.632688,330.707973,330.707973,2312.266925
31.000000,323.452565,1004.268754,1055.072174,68.425459,328.995859,68.425459,328.995859,336.036187,336.036187,2497.978661
31.166667,366.304393,1069.484334,1130.475851,68.890904,334.594342,68.890904,334.594342,341.612837,341.612837,2715.078199
31.333333,420.736082,1144.043317,1218.956095,69.448332,340.427457,69.448332,340.427457,347.439095,347.439095,2971.759833
31.500000,491.301644,1229.530300,1324.055159,70.107523,346.493745,70.107523,346.493745,353.515176,353.515176,3279.082497
31.666667,584.878583,1327.432339,1450.572153,70.876561,352.790661,70.876561,352.790661,359.839878,359.839878,3652.159566
31.833333,712.078705,1438.426717,1605.031932,71.760151,359.315609,71.760151,359.315609,366.411280,366.411280,4111.789441
32.000000,889.505577,1560.467840,1796.184860,72.759288,366.069163,72.759288,366.069163,373.229883,373.229883,4686.387263
32.166667,1142.825891,1683.855980,2035.048397,73.716860,373.091993,73.716860,373.091993,380.304892,380.304892,5413.093932
32.333333,1509.599855,1778.838742,2333.057863,75.111788,380.292135,75.111788,380.292135,387.638863,387.638863,6333.330621
32.500000,2029.212716,1768.973884,2692.020217,76.480591,387.781813,76.480591,387.781813,395.251838,395.251838,7466.831550
32.666667,2686.784756,1495.078821,3074.747633,77.819693,395.572408,77.819693,395.572408,403.154356,403.154356,8725.295125
32.833333,3264.482527,770.934834,3354.278862,79.662249,403.550968,79.662249,403.550968,411.338617,411.338617,9751.070048
33.000000,3329.711705,-280.976834,3341.545753,81.496076,411.835476,81.496076,411.835476,419.821474,419.821474,9966.469105
33.166667,2792.349264,-1116.243978,3007.193880,83.306726,420.433682,83.306726,420.433682,428.607619,428.607619,9217.582342
33.333333,2074.706163,-1460.112241,2536.992988,85.668134,429.218946,85.668134,429.218946,437.684741,437.684741,8005.048080
33.500000,1487.460477,-1472.339159,2092.921707,88.005357,438.345985,88.005357,438.345985,447.092994,447.092994,6811.476779
33.666667,1078.789209,-1349.852651,1727.972319,90.309586,447.846825,90.309586,447.846825,456.861686,456.861686,5813.175746
33.833333,805.892302,-1193.565140,1440.159764,93.240881,457.583073,93.240881,457.583073,466.986221,466.986221,5019.055466
34.000000,622.352778,-1041.546960,1213.319023,96.181201,467.725367,96.181201,467.725367,477.512138,477.512138,4391.910330
34.166667,496.377920,-905.248914,1032.408173,99.362470,478.232908,99.362470,478.232908,488.446122,488.446122,3892.330229
34.333333,407.826847,-786.266256,885.741137,102.802492,489.118854,102.802492,489.118854,499.805568,499.805568,3488.814191
34.500000,344.184338,-683.012297,764.832437,106.519679,500.398516,106.519679,500.398516,511.610317,511.610317,3158.011446
34.666667,297.576486,-593.142391,663.603542,110.534122,512.089215,110.534122,512.089215,523.882769,523.882769,2882.929790
34.833333,262.940924,-514.380888,577.689906,114.868123,524.210042,114.868123,524.210042,536.647793,536.647793,2651.175154
35.000000,236.944218,-444.760267,503.938743,119.546632,536.781659,119.546632,536.781659,549.932675,549.932675,2453.611354
35.166667,217.339893,-382.651722,440.067005,124.597525,549.826210,124.597525,549.826210,563.767155,563.767155,2283.411313
35.333333,202.581634,-326.728710,384.435909,130.051972,563.367253,130.051972,563.367253,578.183515,578.183515,2135.399365
35.500000,191.585199,-275.915234,335.907881,135.944789,577.429737,135.944789,577.429737,593.216729,593.216729,2005.595777
35.666667,183.578583,-229.336734,293.762546,142.314887,592.039974,142.314887,592.039974,608.904638,608.904638,1890.898890
35.833333,178.005613,-186.278622,257.654271,149.205767,607.225601,149.205767,607.225601,625.288166,625.288166,1788.860743
36.000000,174.462661,-146.152961,227.591538,156.666094,623.015520,156.666094,623.015520,642.411553,642.411553,1697.526614
36.166667,172.656291,-108.472215,203.902958,164.750330,639.439824,164.750330,639.439824,660.322618,660.322618,1615.318721
36.333333,172.374507,-72.828806,187.128313,173.519504,656.529647,173.519504,656.529647,679.073041,679.073041,1540.950823
36.500000,173.466942,-38.879219,177.770565,183.042057,674.316974,183.042057,674.316974,698.718668,698.718668,1473.364704
36.666667,175.831079,-6.331652,175.945043,193.394817,692.834363,193.394817,692.834363,719.319825,719.319825,1411.682371
36.833333,179.402641,25.063545,181.144939,204.664105,712.114559,204.664105,712.114559,740.941658,740.941658,1355.169653
37.000000,184.148887,55.521299,192.336754,216.946991,732.189977,216.946991,732.189977,763.654477,763.654477,1303.208196
37.166667,190.064000,85.227491,208.297982,230.352722,753.092004,230.352722,753.092004,787.534090,787.534090,1255.273702
37.333333,197.166016,114.343260,227.922836,245.004319,774.850082,245.004319,774.850082,812.662147,812.662147,1210.918849
37.500000,205.494894,143.008153,250.358709,261.040382,797.490501,261.040382,797.490501,839.126439,839.126439,1169.759781
37.666667,215.111454,171.342270,275.011111,278.617077,821.034840,278.617077,821.034840,867.021155,867.021155,1131.465323
37.833333,226.097049,199.447497,301.494908,297.910382,845.497921,297.910382,845.497921,896.447059,896.447059,1095.748309
38.000000,238.553716,227.407898,329.578864,319.118457,870.885222,319.118457,870.885222,927.511542,927.511542,1062.358562
38.166667,252.604789,255.289245,359.140332,342.464226,897.189546,342.464226,897.189546,960.328500,960.328500,1031.077161
38.333333,268.395772,283.137656,390.132314,368.198019,924.386810,368.198019,924.386810,995.017967,995.017967,1001.711745
38.500000,286.095514,310.977176,422.560584,396.600354,952.430633,396.600354,952.430633,1031.705361,1031.705361,974.092627
38.666667,305.897210,338.806377,456.467813,427.984304,981.245728,427.984304,981.245728,1070.520314,1070.520314,948.069571
38.833333,328.019434,366.593595,491.922364,462.697701,1010.719467,462.697701,1010.719467,1111.594802,1111.594802,923.509103
39.000000,352.706571,394.270778,529.009803,501.124346,1040.691638,501.124346,1040.691638,1155.060473,1155.060473,900.292246
39.166667,380.228523,421.725700,567.825938,543.683992,1070.941844,543.683992,1070.941844,1201.044844,1201.044844,878.312618
39.333333,410.878931,448.792517,608.470393,590.830061,1101.174536,590.830061,1101.174536,1249.666163,1249.666163,857.474818
39.500000,444.971480,475.240312,651.039916,643.044393,1131.001229,643.044393,1131.001229,1301.026468,1301.026468,837.693049
39.666667,482.833010,500.760249,695.620976,700.827161,1159.920660,700.827161,1159.920660,1355.202806,1355.202806,818.889945
39.833333,524.792823,524.951268,742.281174,764.681036,1187.296792,764.681036,1187.296792,1412.236085,1412.236085,800.995563
40.000000,571.166658,547.305624,791.059288,835.087322,1212.336783,835.087322,1212.336783,1472.117967,1472.117967,783.946514
40.166667,622.234721,567.195780,841.954334,912.473141,1234.070924,912.473141,1234.070924,1534.776296,1534.776296,767.685211
40.333333,678.213699,583.864517,894.914296,997.169578,1251.337499,997.169578,1251.337499,1600.060219,1600.060219,752.159216
40.500000,739.223870,596.419119,949.825087,1089.362437,1262.773767,1089.362437,1262.773767,1667.725429,1667.725429,737.320673
40.666667,805.251217,603.828957,1006.498352,1189.035515,1266.812150,1189.035515,1266.812150,1737.417186,1737.417186,723.125812
40.833333,876.099160,604.923824,1064.651385,1295.898241,1261.677460,1295.898241,1261.677460,1808.641000,1808.641000,709.534508
41.000000,951.315991,598.401119,1123.870995,1409.276921,1245.397615,1409.276921,1245.397615,1880.711743,1880.711743,696.509902
41.166667,1030.094967,582.874109,1183.569967,1527.964914,1215.875725,1527.964914,1215.875725,1952.698276,1952.698276,684.018060
41.333333,1111.183637,556.990116,1242.967041,1650.086678,1171.067361,1650.086678,1171.067361,2023.409204,2023.409204,672.027671
41.500000,1192.856401,519.603206,1301.112556,1773.056678,1109.239427,1773.056678,1109.239427,2091.444977,2091.444977,660.509784
41.666667,1272.967048,469.951045,1356.944763,1893.658244,1029.235343,1893.658244,1029.235343,2155.288133,2155.288133,649.437567
41.833333,1349.064222,407.804705,1409.354090,2008.216752,930.699594,2008.216752,930.699594,2213.399254,2213.399254,638.786095
42.000000,1418.556615,333.578809,1457.250044,2112.847661,814.242935,2112.847661,814.242935,2264.313758,2264.313758,628.532166
42.166667,1478.920688,248.385140,1499.633815,2203.767890,681.522589,2203.767890,681.522589,2306.743582,2306.743582,618.654126
42.333333,1527.930600,154.007656,1535.672581,2277.640891,535.204700,2277.640891,535.204700,2339.677777,2339.677777,609.131724
42.500000,1563.872872,52.786528,1564.763489,2331.898540,378.790301,2331.898540,378.790301,2362.463311,2362.463311,599.945973
42.666667,1585.704533,-52.576280,1586.575914,2364.978427,216.323555,2364.978427,216.323555,2374.851330,2374.851330,591.079036
42.833333,1593.122172,-159.257789,1601.062552,2376.427289,52.030562,2376.427289,52.030562,2376.996811,2376.996811,582.514120
43.000000,1586.532503,-264.555217,1608.438636,2366.856872,-110.042494,2366.856872,-110.042494,2369.413599,2369.413599,574.235382
43.166667,1566.937556,-366.085372,1609.133868,2337.771689,-266.328443,2337.771689,-266.328443,2352.893391,2352.893391,566.227853
43.333333,1535.766197,-461.913205,1603.727415,2291.316331,-413.932064,2291.316331,-413.932064,2328.405094,2328.405094,558.477370
43.500000,1494.688736,-550.599782,1592.876184,2229.997278,-550.701835,2229.997278,-550.701835,2296.989414,2296.989414,550.970517
43.666667,1445.452033,-631.175634,1577.248953,2156.435640,-675.190069,2156.435639,-675.190069,2259.667298,2259.667298,543.694580
43.833333,1389.765700,-703.061660,1557.480144,2073.196493,-786.534354,2073.196493,-786.534353,2217.381336,2217.381336,536.637508
44.000000,1329.259249,-765.980481,1534.163045,1982.724553,-884.324428,1982.724553,-884.324428,2170.996625,2170.996625,529.787882
44.166667,1265.486845,-819.914553,1507.884886,1887.351399,-968.539509,1887.351399,-968.539509,2121.359018,2121.359018,523.134894
44.333333,1199.903246,-865.121187,1479.257404,1789.259318,-1039.570714,1789.259318,-1039.570714,2069.337135,2069.337135,516.668327
44.500000,1133.771341,-902.119356,1448.881219,1690.342719,-1098.201365,1690.342719,-1098.201365,2015.764060,2015.764060,510.378542
44.666667,1068.085165,-931.588611,1417.273177,1592.092584,-1145.455311,1592.092584,-1145.455311,1961.332880,1961.332880,504.256466
44.833333,1003.583104,-954.245714,1384.833539,1495.616370,-1182.411949,1495.616370,-1182.411949,1906.558770,1906.558770,498.293585
45.000000,940.815490,-970.778620,1351.867196,1401.739303,-1210.107201,1401.739303,-1210.107201,1851.818703,1851.818703,492.481935
45.166667,880.203203,-981.834297,1318.619075,1311.092418,-1229.515178,1311.092418,-1229.515178,1797.406716,1797.406716,486.814088
45.333333,822.069864,-988.024682,1285.298266,1224.160821,-1241.557225,1224.160821,-1241.557225,1743.569344,1743.569344,481.283141
45.500000,766.657223,-989.932097,1252.089795,1141.306721,-1247.110002,1141.306721,-1247.110002,1690.521928,1690.521928,475.882705
45.666667,714.133824,-988.110200,1219.159090,1062.782512,-1247.006927,1062.782512,-1247.006927,1638.454437,1638.454437,470.606881
45.833333,664.602119,-983.081624,1186.653048,988.741460,-1242.034637,988.741460,-1242.034637,1587.532587,1587.532587,465.450240
46.000000,618.105854,-975.334699,1154.700230,919.248709,-1232.928106,919.248709,-1232.928106,1537.897885,1537.897885,460.407801
46.166667,574.637761,-965.320353,1123.410851,854.292939,-1220.365998,854.292939,-1220.365998,1489.667612,1489.667612,455.474999
46.333333,534.147630,-953.449758,1092.876997,793.798433,-1204.967142,793.798433,-1204.967142,1442.935122,1442.935122,450.647659
46.500000,496.550361,-940.092922,1063.173064,737.637155,-1187.288449,737.637155,-1187.288449,1397.770523,1397.770523,445.921959
46.666667,461.733626,-925.578646,1034.356694,685.640306,-1167.824864,685.640306,-1167.824864,1354.222117,1354.222117,441.294403
46.833333,429.565100,-910.195332,1006.469929,637.609091,-1147.010575,637.609091,-1147.010575,1312.318030,1312.318030,436.761782
47.000000,399.898807,-894.192806,979.540622,593.324310,-1125.221790,593.324310,-1125.221790,1272.068321,1272.068321,432.321149
47.166667,372.580727,-877.784693,953.583958,552.554748,-1102.780296,552.554748,-1102.780296,1233.467118,1233.467118,427.969782
47.333333,347.453419,-861.151441,928.604158,515.064105,-1079.958013,515.064105,-1079.958013,1196.495024,1196.495024,423.705154
47.500000,324.359827,-844.443419,904.596035,480.616719,-1056.981669,480.616719,-1056.981669,1161.121302,1161.121302,419.524913
47.666667,303.146200,-827.784309,881.546641,448.981924,-1034.037869,448.981924,-1034.037869,1127.306117,1127.306117,415.426851
47.833333,283.664277,-811.274351,859.436731,419.937335,-1011.278011,419.937335,-1011.278011,1095.002548,1095.002548,411.408884
48.000000,265.772897,-794.993385,838.242039,393.271268,-988.822827,393.271268,-988.822827,1064.158293,1064.158293,407.469034
48.166667,249.338958,-779.003845,817.934537,368.784163,-966.766908,368.784163,-966.766908,1034.717360,1034.717360,403.605412
48.333333,234.238008,-763.353406,798.483479,346.289460,-945.182651,346.289460,-945.182651,1006.621396,1006.621396,399.816203
48.500000,220.354491,-748.077304,779.856240,325.613975,-924.123783,325.613975,-924.123783,979.810812,979.810812,396.099656
48.666667,207.581709,-733.200467,762.019088,306.597838,-903.628525,306.597838,-903.628525,954.225731,954.225731,392.454074
48.833333,195.821609,-718.739314,744.937786,289.094162,-883.722326,289.094162,-883.722326,929.806745,929.806745,388.877807
49.000000,184.984404,-704.703365,728.578110,272.968471,-864.420253,272.968471,-864.420253,906.495537,906.495537,385.369245
49.166667,174.988149,-691.096531,712.906212,258.098073,-845.728949,258.098073,-845.728949,884.235303,884.235303,381.926815
49.333333,165.758213,-677.918292,697.888956,244.371249,-827.648399,244.371249,-827.648399,862.971135,862.971135,378.548978
49.500000,157.226802,-665.164606,683.494126,231.686535,-810.173278,231.686535,-810.173278,842.650218,842.650218,375.234225
49.666667,149.332396,-652.828715,669.690597,219.951886,-793.294181,219.951886,-793.294181,823.222017,823.222017,371.981075
49.833333,142.019213,-640.901823,656.448477,209.083864,-776.998630,209.083864,-776.998630,804.638387,804.638387,368.788079
50.000000,135.236727,-629.373610,643.739166,199.006912,-761.271851,199.006912,-761.271851,786.853597,786.853597,365.653812
