DSN\400 kV B1,DSN\400 kV B1,DSN\400 kV B1
"Phase Voltage A in kV","Phase Voltage B in kV","Phase Voltage C in kV"
306.964099,-156.546181,-150.443566
305.824756,-146.818836,-159.058905
305.414901,-138.364325,-167.119751
304.872388,-129.747185,-175.133507
304.404124,-120.923343,-183.306747
303.035119,-112.451669,-190.582043
301.663829,-103.854134,-197.664773
300.149137,-95.379287,-204.604267
297.938221,-86.467142,-211.446774
295.631923,-77.378805,-218.161846
293.018286,-68.303762,-224.708319
289.899322,-59.202621,-230.779592
286.663258,-50.045434,-236.656127
283.114633,-40.901127,-242.329970
279.211348,-31.571883,-247.794885
275.135784,-22.186883,-253.100261
270.764289,-12.799064,-258.167628
266.085051,-3.406049,-262.892282
261.201591,5.967401,-267.404600
256.023379,15.363052,-271.690176
250.577233,24.854508,-275.782681
244.898014,34.365513,-279.649354
238.970636,43.854642,-283.231698
232.803298,53.322661,-286.521863
226.417608,62.783763,-289.582254
219.779435,72.251638,-292.406783
212.916288,81.704778,-295.001110
205.853502,91.079482,-297.319460
198.595355,100.347621,-299.342779
191.144195,109.533450,-301.074433
183.506708,118.648826,-302.531259
175.681871,127.675738,-303.705433
167.694629,136.589776,-304.589069
159.554471,145.369865,-305.188406
151.270570,154.018490,-305.517997
142.844466,162.540068,-305.573767
134.279592,170.908989,-305.341422
125.586969,179.111503,-304.806057
116.763475,187.143905,-303.967220
107.811183,195.008866,-302.831687
98.737674,202.697845,-301.399361
89.552295,210.193424,-299.665910
80.269015,217.474032,-297.617328
70.897380,224.530319,-295.257987
61.443010,231.356881,-292.584678
51.917583,237.940880,-289.601702
42.330176,244.265620,-286.306982
32.691184,250.329960,-282.704291
23.006948,256.127548,-278.797542
13.290418,261.656069,-274.589126
3.549978,266.900092,-270.072137
-6.197560,271.847088,-265.254355
-15.940113,276.493215,-260.144596
-25.665470,280.837514,-254.761777
-35.357898,284.873674,-249.110638
-45.000312,288.590784,-243.197462
-54.592594,291.992221,-237.020771
-64.098026,295.058278,-230.595086
-73.529875,297.794593,-223.916348
-82.885536,300.220496,-217.004616
-92.133236,302.308897,-209.868913
-101.281857,304.069671,-202.506893
-110.321116,305.515643,-194.938919
-119.228242,306.633587,-187.175951
-128.009688,307.431593,-179.215306
-136.656612,307.912209,-171.074026
-145.159542,308.072194,-162.756943
-153.523217,307.925187,-154.273526
-161.739711,307.478007,-145.638113
-169.797564,306.730330,-136.857281
-177.696051,305.688695,-127.939745
-185.423588,304.357430,-118.899683
-192.973684,302.738432,-109.746842
-200.342145,300.838090,-100.493304
-207.519453,298.659445,-91.149697
-214.498261,296.203950,-81.726009
-221.273784,293.479611,-72.231258
-227.840280,290.489388,-62.676221
-234.193359,287.236224,-53.067502
-240.328251,283.723170,-43.413490
-246.239350,279.953988,-33.726231
-251.918141,275.934121,-24.017280
-257.357959,271.669373,-14.300852
-262.550022,267.163628,-4.588296
-267.487603,262.420874,5.110115
-272.166764,257.445423,14.783407
-276.583011,252.244452,24.421775
-280.733586,246.823052,34.014326
-284.614510,241.188688,43.550565
-288.220431,235.346425,53.020320
-291.545778,229.300671,62.412706
-294.584253,223.054360,71.719310
-297.329925,216.607987,80.931507
-299.776422,209.961286,90.043669
-301.919572,203.115811,99.048800
-303.755689,196.073328,107.941446
-305.281914,188.837390,116.716422
-306.497670,181.410106,125.369595
-307.401298,173.794823,133.897725
-307.993345,165.994081,142.296956
-308.273843,158.012871,150.562823
-308.243134,149.855769,158.691537
-307.902463,141.527876,166.677771
-307.252686,133.035419,174.518245
-306.296027,124.384174,182.207835
-305.035297,115.580732,189.742809
-303.473535,106.632754,197.118554
-301.614051,97.547174,204.330343
-299.459030,88.333687,211.372085
-297.010840,79.001570,218.236387
-294.269967,69.561278,224.914523
-291.240997,60.025907,231.398306
-287.918114,50.402096,237.675188
-284.307681,40.702237,243.739613
-280.415202,30.940605,249.582448
-276.237805,21.127115,255.192314
-271.786061,11.276819,260.564264
-267.065612,1.404642,265.690106
-262.078151,-8.476549,270.559390
-256.833634,-18.352541,275.166843
-251.336740,-28.209330,279.504470
-245.592003,-38.035597,283.564804
-239.608148,-47.817656,287.343200
-233.391357,-57.542500,290.833725
-226.948699,-67.197748,294.030463
-220.289944,-76.769658,296.930495
-213.423127,-86.245882,299.528959
-206.356649,-95.614752,301.822788
-199.099418,-104.864343,303.809297
-191.658539,-113.984466,305.485028
-184.040284,-122.965712,306.847089
-176.251056,-131.799898,307.893119
-168.295697,-140.479611,308.620622
-160.179586,-148.999107,309.028556
-151.908210,-157.352677,309.116315
-143.486778,-165.535414,308.884474
-134.921130,-173.542823,308.333529
-126.216988,-181.369912,307.464877
-117.380289,-189.012165,306.279410
-108.417207,-196.465276,304.778825
-99.334334,-203.724564,302.965186
-90.139324,-210.785927,300.841116
-80.840282,-217.644295,298.410146
-71.447121,-224.294416,295.676368
-61.970525,-230.730495,292.644263
-52.421891,-236.946317,289.319177
-42.813524,-242.935347,285.706127
-33.157497,-248.691172,281.810895
-23.465960,-254.207419,277.638781
-13.750793,-259.477871,273.195498
-4.023522,-264.496597,268.486507
5.704433,-269.257854,263.517341
15.421760,-273.755749,258.293685
25.117019,-277.985069,252.821398
34.779017,-281.940424,247.106681
44.396323,-285.617049,241.156090
53.958310,-289.010632,234.976187
63.454780,-292.117305,228.573876
72.876066,-294.934173,221.955554
82.213811,-297.458965,215.128035
91.459949,-299.690078,208.097711
100.606925,-301.626648,200.871313
109.647696,-303.267986,193.455719
118.574866,-304.613751,185.857928
127.381274,-305.663420,178.085117
136.059607,-306.416558,170.144369
144.601728,-306.871726,162.042768
153.002422,-307.029296,153.786265
161.253916,-306.888342,145.381666
169.348993,-306.448209,136.835931
177.283193,-305.709917,128.154488
185.048970,-304.673035,119.344585
192.639684,-303.338120,110.413319
200.049904,-301.706512,101.367431
207.272159,-299.778647,92.214978
214.299727,-297.556275,82.964148
221.126636,-295.041470,73.623227
227.745642,-292.236373,64.201542
234.150413,-289.144055,54.708397
240.334813,-285.767952,45.153568
246.291789,-282.111609,35.547317
252.014754,-278.179137,25.900444
257.496771,-273.974844,16.224025
262.730161,-269.503116,6.529833
267.707664,-264.768549,-3.170228
272.421911,-259.776085,-12.864204
276.865662,-254.530603,-22.540208
281.032506,-249.037485,-32.186703
284.916657,-243.302220,-41.792665
288.512849,-237.330517,-51.347427
291.816683,-231.128255,-60.841012
294.824279,-224.701323,-70.263726
297.532052,-218.055516,-79.606560
299.937054,-211.196552,-88.860830
302.036694,-204.129998,-98.018477
303.828789,-196.861399,-107.071917
305.311929,-189.396298,-116.014029
306.485108,-181.740563,-124.838187
307.348030,-173.900060,-133.538054
307.900936,-165.881161,-142.107448
308.144347,-157.690448,-150.540455
2.168455,-1.084501,-1.080915
2.197143,-1.060085,-1.133853
2.230260,-1.018116,-1.208539
1.804815,-0.746926,-1.055480
1.729231,-0.662081,-1.065741
1.430278,-0.467008,-0.960017
0.203699,0.176710,-0.372583
0.012583,0.272416,-0.275653
0.146584,0.207046,-0.343550
0.330534,0.120517,-0.440500
0.502328,0.046151,-0.537540
0.822093,-0.095882,-0.716009
1.193581,-0.254073,-0.930795
1.287027,-0.266979,-1.011792
1.325471,-0.250535,-1.066522
1.317638,-0.210195,-1.099262
1.267227,-0.149810,-1.110489
1.140682,-0.048407,-1.086259
1.046699,0.036895,-1.077598
1.072139,0.056187,-1.122335
1.209581,0.009890,-1.213731
1.347953,-0.027587,-1.314314
1.464079,-0.051159,-1.406014
1.582248,-0.076090,-1.498465
1.693216,-0.092106,-1.592189
1.747923,-0.074245,-1.662907
1.771512,-0.037427,-1.722216
1.789990,-0.000094,-1.778533
1.812209,0.038166,-1.839712
1.816790,0.086409,-1.892699
1.821866,0.133803,-1.945746
1.827348,0.182198,-2.001239
1.839164,0.229001,-2.062331
1.867851,0.265462,-2.130898
1.929123,0.281630,-2.212455
1.986417,0.303400,-2.294906
1.997943,0.354065,-2.358486
1.964403,0.428405,-2.398969
1.912912,0.512781,-2.430636
1.852529,0.602461,-2.458607
1.792543,0.690415,-2.486177
1.755232,0.762188,-2.522204
1.754186,0.812377,-2.574737
1.779110,0.848373,-2.639764
1.811471,0.880306,-2.707691
1.840945,0.914730,-2.774015
1.862618,0.955068,-2.836626
1.880134,0.998170,-2.895756
1.894965,1.041306,-2.950674
1.900653,1.088400,-3.000212
1.881424,1.148265,-3.038849
1.838817,1.218515,-3.066639
1.786536,1.291923,-3.090130
1.738995,1.362894,-3.117568
1.695866,1.432532,-3.148789
1.658115,1.499940,-3.182968
1.622354,1.566990,-3.217849
1.584526,1.636115,-3.251452
1.535803,1.710941,-3.278563
1.478581,1.789026,-3.299547
1.418915,1.866520,-3.317160
1.368334,1.936620,-3.336610
1.329316,1.997276,-3.358558
1.297722,2.051179,-3.381522
1.259552,2.106797,-3.399677
1.208035,2.168012,-3.409719
1.142887,2.234726,-3.410941
1.072453,2.302598,-3.407349
1.000389,2.369439,-3.400803
0.931362,2.431804,-3.393195
0.866719,2.488385,-3.385112
0.808053,2.538790,-3.377996
0.751148,2.586005,-3.370480
0.693733,2.631929,-3.361766
0.633003,2.678849,-3.350682
0.569931,2.726702,-3.337425
0.503031,2.776203,-3.320708
0.430751,2.827980,-3.299520
0.349644,2.883726,-3.272512
0.261674,2.942016,-3.241014
0.172597,2.999320,-3.208107
0.091972,3.050319,-3.178627
0.024900,3.092419,-3.155178
-0.028204,3.125386,-3.137531
-0.072290,3.151670,-3.122424
-0.113326,3.174328,-3.106102
-0.158281,3.196884,-3.084504
-0.210869,3.220761,-3.055155
-0.271694,3.245730,-3.017468
-0.337879,3.269852,-2.972934
-0.406812,3.291616,-2.923281
-0.477858,3.310994,-2.869666
-0.553225,3.329906,-2.812122
-0.634630,3.350075,-2.750692
-0.721659,3.371998,-2.686060
-0.811239,3.394466,-2.619719
-0.899743,3.415713,-2.553167
-0.984760,3.434312,-2.487163
-1.065145,3.449270,-2.421807
-1.140168,3.459863,-2.357183
-1.209241,3.465761,-2.293676
-1.272018,3.466873,-2.231648
-1.328159,3.463165,-2.171444
-1.378289,3.455085,-2.112833
-1.423968,3.443407,-2.054909
-1.468230,3.429534,-1.995908
-1.514127,3.414841,-1.934084
-1.563338,3.399889,-1.868355
-1.614405,3.383626,-1.799276
-1.664356,3.364268,-1.728259
-1.710013,3.340032,-1.656912
-1.750894,3.310678,-1.585602
-1.788889,3.277326,-1.513530
-1.827867,3.242193,-1.438854
-1.871118,3.207339,-1.360052
-1.921076,3.174382,-1.276041
-1.977585,3.143500,-1.187022
-2.038979,3.114025,-1.094046
-2.102098,3.084522,-0.999085
-2.164093,3.053753,-0.904096
-2.222244,3.020702,-0.811138
-2.274813,2.984872,-0.721692
-2.319659,2.945468,-0.637148
-2.355441,2.901915,-0.558104
-2.381132,2.853525,-0.484565
-2.397411,2.800224,-0.415380
-2.405717,2.742223,-0.348979
-2.408342,2.680128,-0.283474
-2.406686,2.614254,-0.217750
-2.402052,2.545105,-0.151137
-2.394890,2.472947,-0.083671
-2.386203,2.398484,-0.015296
-2.377193,2.322650,0.054056
-2.370035,2.246880,0.124993
-2.366545,2.172436,0.198004
-2.368223,2.100377,0.273510
-2.374593,2.030656,0.351081
-2.384036,1.962612,0.429778
-2.393848,1.895024,0.508141
-2.401957,1.826996,0.585037
-2.406946,1.758033,0.659609
-2.408817,1.688386,0.731697
-2.407652,1.618311,0.801237
-2.403830,1.548165,0.868352
-2.396996,1.477789,0.932921
-2.386600,1.406763,0.994833
-2.371519,1.334284,1.053725
-2.350916,1.259661,1.109356
-2.323763,1.182137,1.161332
-2.289649,1.101384,1.209457
-2.248245,1.017160,1.253572
-2.200002,0.929649,1.293937
-2.145939,0.839324,1.331161
-2.088217,0.747206,1.366495
-2.029313,0.654480,1.401359
-1.971978,0.562562,1.437187
-1.917963,0.472459,1.474762
-1.868085,0.384882,1.514147
-1.821920,0.300058,1.554578
-1.778597,0.218069,1.594945
-1.736915,0.138846,1.633964
-1.696155,0.062525,1.670671
-1.655631,-0.010898,1.704341
-1.614894,-0.081461,1.734595
-1.573120,-0.149603,1.761130
-1.529280,-0.216069,1.783775
-1.482009,-0.281904,1.802323
-1.430288,-0.348033,1.816770
-1.373378,-0.415222,1.827208
-1.311260,-0.483766,1.833946
-1.244264,-0.553678,1.837338
-1.173118,-0.624681,1.837826
-1.098572,-0.696421,1.835781
-1.021584,-0.768433,1.831651
-0.942942,-0.840333,1.825781
-0.863490,-0.911666,1.818486
-0.783750,-0.982077,1.809863
-0.704062,-1.051212,1.799836
-0.624479,-1.118744,1.788103
-0.545080,-1.184288,1.774364
-0.465993,-1.247410,1.758361
-0.387804,-1.307474,1.740118
-0.311289,-1.363830,1.719834
-0.237334,-1.415860,1.697834
-0.166450,-1.463205,1.674293
-0.098602,-1.505878,1.649162
-0.033027,-1.544299,1.622042
0.031375,-1.579113,1.592401
0.095888,-1.611111,1.559675
0.161498,-1.640982,1.523520
0.228822,-1.669274,1.483868
0.298020,-1.696383,1.440995
0.368984,-1.722607,1.395385
0.441343,-1.748156,1.347708
0.514717,-1.773227,1.298627
0.588620,-1.797887,1.248760
0.662595,-1.822082,1.198534
0.736199,-1.845592,1.148160
0.809094,-1.868045,1.097559
0.881000,-1.888949,1.046451
0.951768,-1.907783,0.994391
1.021200,-1.923981,0.940940
1.089109,-1.937040,0.885722
1.155284,-1.946545,0.828494
1.219599,-1.952224,0.769084
1.282056,-1.953983,0.707391
1.342870,-1.951921,0.643311
1.402297,-1.946226,0.576809
1.460575,-1.937158,0.507956
1.517722,-1.924925,0.437007
1.573499,-1.909664,0.364408
1.627454,-1.891467,0.290763
1.679128,-1.870454,0.216702
1.728159,-1.846813,0.142788
1.774477,-1.820882,0.069411
1.818244,-1.793065,-0.003226
1.859792,-1.763787,-0.075088
1.899484,-1.733399,-0.146239
1.937627,-1.702118,-0.216806
1.974359,-1.669977,-0.286907
2.009716,-1.636888,-0.356648
2.043592,-1.602635,-0.426110
2.075827,-1.566954,-0.495361
2.106252,-1.529560,-0.564491
2.134763,-1.490186,-0.633655
2.161347,-1.448600,-0.703091
2.186155,-1.404648,-0.773133
2.209409,-1.358219,-0.844156
2.231366,-1.309278,-0.916486
2.252177,-1.257827,-0.990293
2.271803,-1.203896,-1.065507
2.289975,-1.147542,-1.141779
2.306271,-1.088885,-1.218532
2.320167,-1.028083,-1.295037
2.331186,-0.965386,-1.370528
2.338936,-0.901079,-1.444287
2.343126,-0.835452,-1.515711
2.343538,-0.768751,-1.584321
2.340016,-0.701142,-1.649795
2.332434,-0.632693,-1.711946
2.320776,-0.563426,-1.770751
2.305152,-0.493340,-1.826347
2.285854,-0.422459,-1.879033
2.263356,-0.350861,-1.929239
2.238281,-0.278665,-1.977506
2.211310,-0.206004,-2.024410
2.183140,-0.133017,-2.070529
2.154370,-0.059801,-2.116368
2.125456,0.013585,-2.162309
2.096658,0.087121,-2.208563
2.068020,0.160821,-2.255149
2.039374,0.234716,-2.301891
2.010417,0.308817,-2.348467
1.980745,0.383119,-2.394453
1.949949,0.457569,-2.439387
1.917649,0.532075,-2.482813
1.883495,0.606528,-2.524291
1.847141,0.680819,-2.563386
1.808224,0.754867,-2.599665
1.766331,0.828638,-2.632677
1.721055,0.902128,-2.661993
1.672042,0.975347,-2.687249
1.619074,1.048298,-2.708207
1.562134,1.120949,-2.724800
1.501437,1.193235,-2.737173
1.437400,1.265068,-2.745662
1.370618,1.336339,-2.750774
1.301791,1.406937,-2.753122
1.231661,1.476748,-2.753360
1.160960,1.545637,-2.752110
1.090358,1.613450,-2.749903
1.020413,1.680007,-2.747129
0.951562,1.745095,-2.744010
0.884078,1.808497,-2.740597
0.818076,1.870001,-2.736780
0.753512,1.929424,-2.732312
0.690180,1.986641,-2.726839
0.627721,2.041590,-2.719915
0.565652,2.094282,-2.711041
0.503381,2.144802,-2.699685
0.440278,2.193281,-2.685335
0.375741,2.239881,-2.667541
0.309268,2.284762,-2.645968
0.240517,2.328064,-2.620429
0.169342,2.369888,-2.590904
0.095774,2.410308,-2.557525
0.020007,2.449361,-2.520546
-0.057655,2.487061,-2.480306
-0.136829,2.523398,-2.437191
-0.217070,2.558328,-2.391600
-0.297883,2.591758,-2.343933
-0.378738,2.623550,-2.294577
-0.459059,2.653505,-2.243898
-0.538267,2.681382,-2.192234
-0.615800,2.706913,-2.139880
-0.691154,2.729824,-2.087065
-0.763925,2.749860,-2.033942
-0.833855,2.766806,-1.980552
-0.900843,2.780494,-1.926826
-0.964966,2.790826,-1.872575
-1.026462,2.797766,-1.817512
-1.085697,2.801345,-1.761285
-1.143119,2.801660,-1.703528
-1.199206,2.798867,-1.643907
-1.254412,2.793168,-1.582167
-1.309142,2.784814,-1.518154
-1.363720,2.774082,-1.451828
-1.418385,2.761264,-1.383257
-1.473283,2.746646,-1.312596
-1.528454,2.730479,-1.240076
-1.583825,2.712957,-1.165982
-1.639213,2.694198,-1.090635
-1.694317,2.674227,-1.014374
-1.748752,2.652983,-0.937536
-1.802073,2.630328,-0.860432
-1.853820,2.606063,-0.783325
-1.903546,2.579954,-0.706417
-1.950865,2.551753,-0.629833
-1.995451,2.521210,-0.553629
-2.037064,2.488090,-0.477796
-2.075537,2.452190,-0.402277
-2.110774,2.413344,-0.326991
-2.142738,2.371440,-0.251858
-2.171455,2.326432,-0.176808
-2.196989,2.278341,-0.101802
-2.219465,2.227271,-0.026831
-2.239053,2.173402,0.048088
-2.255976,2.116982,0.122918
-2.270496,2.058316,0.197610
-2.282902,1.997746,0.272105
-2.293475,1.935627,0.346326
-2.302469,1.872303,0.420177
-2.310075,1.808087,0.493534
-2.316413,1.743239,0.566248
-2.321522,1.677961,0.638150
-2.325372,1.612384,0.709068
-2.327872,1.546569,0.778846
-2.328897,1.480509,0.847358
-2.328289,1.414126,0.914521
-2.325873,1.347286,0.980299
-2.321465,1.279803,1.044692
-2.314871,1.211461,1.107731
-2.305897,1.142033,1.169457
-2.294358,1.071305,1.229907
-2.280082,0.999098,1.289099
-2.262926,0.925290,1.347019
-2.242782,0.849831,1.403618
-2.219585,0.772745,1.458810
-2.193316,0.694135,1.512476
-2.164005,0.614174,1.564468
-2.131723,0.533097,1.614618
-2.096583,0.451185,1.662746
-2.058732,0.368752,1.708672
-2.018347,0.286125,1.752231
-1.975637,0.203638,1.793286
-1.930841,0.121609,1.831749
-1.884222,0.040326,1.867584
-1.836063,-0.039956,1.900818
-1.786645,-0.119043,1.931537
-1.736233,-0.196797,1.959873
-1.685052,-0.273151,1.985987
-1.633269,-0.348104,2.010049
-1.580975,-0.421717,2.032217
-1.528191,-0.494098,2.052625
-1.474863,-0.565395,2.071370
-1.420879,-0.635769,2.088505
-1.366080,-0.705384,2.104038
-1.310273,-0.774392,2.117933
-1.253250,-0.842916,2.130108
-1.194799,-0.911041,2.140441
-1.134718,-0.978807,2.148769
-1.072824,-1.046203,2.154897
-1.008968,-1.113161,2.158607
-0.943049,-1.179559,2.159671
-0.875025,-1.245225,2.157866
-0.804925,-1.309944,2.152999
-0.732856,-1.373471,2.144923
-0.659008,-1.435544,2.133557
-0.583646,-1.495898,2.118895
-0.507101,-1.554284,2.101012
-0.429750,-1.610480,2.080059
-0.351996,-1.664301,2.056252
-0.274242,-1.715607,2.029858
-0.196876,-1.764304,2.001173
-0.120243,-1.810348,1.970506
-0.044634,-1.853735,1.938153
0.029730,-1.894503,1.904381
0.102714,-1.932722,1.869405
0.174274,-1.968491,1.833376
0.244459,-2.001923,1.796366
0.313408,-2.033146,1.758365
0.381338,-2.062286,1.719279
0.448524,-2.089456,1.678948
0.515271,-2.114752,1.637154
0.581891,-2.138241,1.593649
0.648666,-2.159957,1.548176
0.715828,-2.179899,1.500496
0.783535,-2.198030,1.450411
0.851857,-2.214282,1.397779
0.920769,-2.228561,1.342530
0.990150,-2.240751,1.284667
1.059792,-2.250726,1.224272
1.129409,-2.258351,1.161499
1.198647,-2.263493,1.096569
1.267111,-2.266029,1.029758
1.334375,-2.265848,0.961385
1.400009,-2.262864,0.891796
1.463603,-2.257013,0.821345
1.524789,-2.248264,0.750372
1.583265,-2.236614,0.679183
1.638816,-2.222095,0.608029
1.691321,-2.204766,0.537092
1.740763,-2.184709,0.466478
1.787223,-2.162029,0.396210
1.830871,-2.136842,0.326233
1.871950,-2.109270,0.256429
1.910754,-2.079443,0.186628
1.947607,-2.047484,0.116631
1.982833,-2.013513,0.046226
2.016738,-1.977639,-0.024785
2.049587,-1.939961,-0.096573
2.081576,-1.900559,-0.169258
2.112829,-1.859495,-0.242901
2.143376,-1.816812,-0.317494
2.173159,-1.772530,-0.392953
2.202027,-1.726651,-0.469124
2.229748,-1.679160,-0.545786
2.256030,-1.630026,-0.622670
2.280533,-1.579212,-0.699469
2.302901,-1.526675,-0.775863
2.322782,-1.472373,-0.851535
2.339850,-1.416270,-0.926192
2.353829,-1.358341,-0.999578
2.364501,-1.298573,-1.071486
2.371723,-1.236974,-1.141762
2.375428,-1.173572,-1.210312
2.375628,-1.108416,-1.277097
2.372411,-1.041582,-1.342130
2.365935,-0.973171,-1.405471
2.356416,-0.903305,-1.467214
2.344118,-0.832130,-1.527480
2.329331,-0.759805,-1.586401
2.312355,-0.686501,-1.644108
2.293481,-0.612394,-1.700718
2.272972,-0.537659,-1.756321
2.251046,-0.462463,-1.810967
2.227867,-0.386961,-1.864663
2.203531,-0.311289,-1.917368
2.178070,-0.235565,-1.968994
2.151453,-0.159878,-2.019414
2.123588,-0.084294,-2.068465
2.094335,-0.008852,-2.115965
2.063519,0.066436,-2.161720
2.030941,0.141578,-2.205535
1.996395,0.216604,-2.247228
1.959681,0.291554,-2.286635
1.920620,0.366471,-2.323619
1.879068,0.441399,-2.358076
1.834924,0.516368,-2.389939
1.788140,0.591391,-2.419173
1.738724,0.666457,-2.445779
1.686739,0.741528,-2.469784
1.632302,0.816533,-2.491238
1.575574,0.891371,-2.510206
1.516756,0.965909,-2.526761
1.456078,1.039991,-2.540973
1.393786,1.113433,-2.552910
1.330135,1.186041,-2.562630
1.265378,1.257610,-2.570179
1.199755,1.327936,-2.575591
1.133487,1.396825,-2.578890
1.066763,1.464103,-2.580086
0.999739,1.529618,-2.579180
0.932528,1.593254,-2.576161
0.865198,1.654926,-2.571013
0.797774,1.714591,-2.563710
0.730237,1.772240,-2.554225
0.662533,1.827897,-2.542524
0.594577,1.881618,-2.528576
0.526263,1.933475,-2.512350
0.457477,1.983559,-2.493822
0.388102,2.031962,-2.472970
0.318032,2.078772,-2.449780
0.247181,2.124064,-2.424243
0.175489,2.167891,-2.396354
0.102932,2.210276,-2.366117
0.029524,2.251208,-2.333540
-0.044675,2.290642,-2.298636
-0.119562,2.328495,-2.261430
-0.194989,2.364651,-2.221952
-0.270770,2.398965,-2.180247
-0.346682,2.431272,-2.136368
-0.422477,2.461394,-2.090385
-0.497893,2.489151,-2.042379
-0.572660,2.514372,-1.992443
-0.646517,2.536902,-1.940681
-0.719219,2.556612,-1.887208
-0.790550,2.573407,-1.832141
-0.860331,2.587230,-1.775600
-0.928427,2.598064,-1.717702
-0.994754,2.605934,-1.658558
-1.059280,2.610903,-1.598263
-1.122025,2.613069,-1.536898
-1.183058,2.612556,-1.474520
-1.242489,2.609507,-1.411165
-1.300460,2.604074,-1.346848
-1.357132,2.596408,-1.281560
-1.412671,2.586646,-1.215279
-1.467234,2.574909,-1.147970
-1.520952,2.561288,-1.079596
-1.573923,2.545843,-1.010122
-1.626193,2.528597,-0.939525
-1.677760,2.509538,-0.867800
-1.728559,2.488622,-0.794964
-1.778471,2.465773,-0.721062
-1.827321,2.440893,-0.646170
-1.874890,2.413871,-0.570394
-1.920923,2.384587,-0.493869
-1.965141,2.352927,-0.416760
-2.007258,2.318791,-0.339248
-2.046998,2.282100,-0.261533
-2.084107,2.242805,-0.183817
-2.118371,2.200892,-0.106303
-2.149627,2.156386,-0.029178
-2.177774,2.109350,0.047390
-2.202774,2.059886,0.123263
-2.224660,2.008126,0.198334
-2.243526,1.954232,0.272536
-2.259526,1.898383,0.345836
-2.272857,1.840771,0.418238
-2.283749,1.781588,0.489776
-2.292447,1.721019,0.560506
-2.299197,1.659235,0.630500
-2.304224,1.596383,0.699835
-2.307719,1.532580,0.768583
-2.309827,1.467916,0.836797
-2.310632,1.402443,0.904510
-2.310155,1.336184,0.971719
-2.308351,1.269133,1.038387
-2.305111,1.201259,1.104434
-2.300269,1.132515,1.169745
-2.293617,1.062843,1.234167
-2.284917,0.992185,1.297522
-2.273917,0.920490,1.359609
-2.260373,0.847719,1.420221
-2.244061,0.773856,1.479149
-2.224798,0.698913,1.536196
-2.202449,0.622928,1.591188
-2.176944,0.545973,1.643978
-2.148278,0.468151,1.694458
-2.116515,0.389593,1.742556
-2.081785,0.310456,1.788243
-2.044277,0.230915,1.831529
-2.004227,0.151159,1.872460
-1.961907,0.071381,1.911112
-1.917606,-0.008227,1.947581
-1.871615,-0.087483,1.981975
-1.824209,-0.166222,2.014405
-1.775635,-0.244301,2.044969
-1.726093,-0.321599,2.073752
-1.675732,-0.398027,2.100811
-1.624640,-0.473520,2.126171
-1.572844,-0.548043,2.149823
-1.520312,-0.621584,2.171726
-1.466960,-0.694152,2.191801
-1.412660,-0.765769,2.209944
-1.357254,-0.836466,2.226028
-1.300568,-0.906277,2.239913
-1.242428,-0.975232,2.251450
-1.182674,-1.043350,2.260500
-1.121175,-1.110636,2.266933
-1.057841,-1.177073,2.270643
-0.992633,-1.242625,2.271551
-0.925568,-1.307231,2.269612
-0.856720,-1.370807,2.264815
-0.786220,-1.433247,2.257184
-0.714251,-1.494427,2.246777
-0.641035,-1.554211,2.233679
-0.566829,-1.612452,2.218001
-0.491907,-1.668997,2.199864
-0.416549,-1.723701,2.179402
-0.341025,-1.776422,2.156747
-0.265589,-1.827034,2.132024
-0.190460,-1.875427,2.105346
-0.115820,-1.921513,2.076805
-0.041803,-1.965228,2.046473
0.031505,-2.006532,2.014396
0.104065,-2.045409,1.980598
0.175886,-2.081866,1.945075
0.247015,-2.115927,1.907807
0.317531,-2.147635,1.868755
0.387533,-2.177043,1.827873
0.457132,-2.204208,1.785107
0.526438,-2.229190,1.740407
0.595549,-2.252043,1.693729
0.664540,-2.272814,1.645042
0.733458,-2.291534,1.594333
0.802312,-2.308220,1.541608
0.871072,-2.322871,1.486897
0.939668,-2.335466,1.430251
1.007987,-2.345967,1.371744
1.075883,-2.354318,1.311470
1.143175,-2.360450,1.249540
1.209661,-2.364285,1.186078
1.275125,-2.365737,1.121220
1.339344,-2.364721,1.055104
1.402101,-2.361156,0.987867
1.463190,-2.354971,0.919646
1.522428,-2.346108,0.850566
1.579660,-2.334527,0.780745
1.634766,-2.320210,0.710283
1.687661,-2.303160,0.639271
1.738300,-2.283403,0.567781
1.786673,-2.260990,0.495871
1.832807,-2.235990,0.423587
1.876758,-2.208492,0.350959
1.918606,-2.178598,0.278011
1.958449,-2.146421,0.204757
1.996394,-2.112075,0.131208
2.032546,-2.075677,0.057374
2.067004,-2.037335,-0.016733
2.099851,-1.997149,-0.091095
2.131147,-1.955204,-0.165687
2.160925,-1.911566,-0.240471
2.189184,-1.866284,-0.315396
2.215892,-1.819388,-0.390398
2.240983,-1.770888,-0.465398
2.264359,-1.720779,-0.540302
2.285897,-1.669042,-0.615002
2.305452,-1.615650,-0.689381
2.322866,-1.560570,-0.763309
2.337975,-1.503773,-0.836652
2.350619,-1.445233,-0.909272
2.360650,-1.384939,-0.981034
2.367939,-1.322894,-1.051805
2.372386,-1.259119,-1.121463
2.373926,-1.193661,-1.189894
2.372528,-1.126586,-1.257003
2.368204,-1.057986,-1.322709
2.361005,-0.987972,-1.386949
2.351019,-0.916678,-1.449679
2.338364,-0.844247,-1.510873
2.323188,-0.770836,-1.570519
2.305656,-0.696605,-1.628620
2.285940,-0.621714,-1.685187
2.264212,-0.546315,-1.740238
2.240635,-0.470549,-1.793793
2.215351,-0.394542,-1.845866
2.188475,-0.318398,-1.896465
2.160090,-0.242201,-1.945585
2.130238,-0.166013,-1.993208
2.098926,-0.089873,-2.039297
2.066121,-0.013803,-2.083796
2.031755,0.062193,-2.126633
1.995733,0.138123,-2.167717
1.957939,0.213998,-2.206945
1.918247,0.289833,-2.244205
1.876529,0.365636,-2.279376
1.832668,0.441408,-2.312342
1.786569,0.517130,-2.342989
1.738166,0.592769,-2.371218
1.687430,0.668268,-2.396942
1.634375,0.743548,-2.420096
1.579059,0.818509,-2.440639
1.521587,0.893029,-2.458551
1.462105,0.966970,-2.473841
1.400794,1.040182,-2.486537
1.337865,1.112505,-2.496691
1.273548,1.183777,-2.504367
1.208078,1.253841,-2.509644
1.141689,1.322549,-2.512605
1.074599,1.389768,-2.513334
1.006999,1.455383,-2.511906
0.939050,1.519301,-2.508387
0.870870,1.581455,-2.502827
0.802533,1.641799,-2.495255
0.734073,1.700312,-2.485681
0.665477,1.756995,-2.474093
0.596698,1.811862,-2.460461
0.527659,1.864944,-2.444735
0.458262,1.916275,-2.426855
0.388403,1.965892,-2.406752
0.317976,2.013827,-2.384356
0.246894,2.060102,-2.359599
0.175090,2.104727,-2.332426
0.102534,2.147692,-2.302797
0.029233,2.188967,-2.270691
-0.044760,2.228504,-2.236111
-0.119349,2.266234,-2.199086
-0.194392,2.302069,-2.159670
-0.269710,2.335909,-2.117940
-0.345093,2.367643,-2.073995
-0.420309,2.397154,-2.027952
-0.495113,2.424327,-1.979939
-0.569263,2.449054,-1.930090
-0.642525,2.471238,-1.878541
-0.714688,2.490796,-1.825421
-0.785573,2.507669,-1.770850
-0.855037,2.521818,-1.714931
-0.922981,2.533228,-1.657750
-0.989350,2.541910,-1.599373
-1.054130,2.547894,-1.539846
-1.117348,2.551232,-1.479192
-1.179066,2.551991,-1.417422
-1.239367,2.550250,-1.354529
-1.298351,2.546092,-1.290499
-1.356123,2.539602,-1.225315
-1.412781,2.530861,-1.158959
-1.468407,2.519939,-1.091421
-1.523060,2.506895,-1.022702
-1.576765,2.491768,-0.952820
-1.629510,2.474584,-0.881810
-1.681247,2.455348,-0.809727
-1.731888,2.434047,-0.736649
-1.781310,2.410655,-0.662672
-1.829358,2.385131,-0.587911
-1.875857,2.357429,-0.512496
-1.920615,2.327499,-0.436568
-1.963439,2.295290,-0.360273
-2.004138,2.260762,-0.283761
-2.042537,2.223884,-0.207176
-2.078484,2.184639,-0.130657
-2.111856,2.143032,-0.054330
-2.142569,2.099085,0.021695
-2.170574,2.052844,0.097322
-2.195861,2.004375,0.172475
-2.218459,1.953763,0.247094
-2.238429,1.901112,0.321137
-2.255859,1.846536,0.394575
-2.270860,1.790162,0.467389
-2.283552,1.732119,0.539570
-2.294060,1.672536,0.611112
-2.302503,1.611537,0.682009
-2.308989,1.549239,0.752249
-2.313603,1.485743,0.821815
-2.316406,1.421138,0.890677
-2.317429,1.355496,0.958796
-2.316673,1.288869,1.026115
-2.314107,1.221297,1.092566
-2.309674,1.152804,1.158065
-2.303292,1.083401,1.222517
-2.294860,1.013093,1.285815
-2.284266,0.941880,1.347847
-2.271396,0.869762,1.408496
-2.256137,0.796745,1.467643
-2.238390,0.722843,1.525173
-2.218073,0.648082,1.580978
-2.195130,0.572502,1.634958
-2.169532,0.496162,1.687026
-2.141283,0.419137,1.737109
-2.110418,0.341519,1.785148
-2.077006,0.263418,1.831101
-2.041143,0.184956,1.874941
-2.002951,0.106267,1.916654
-1.962571,0.027491,1.956240
-1.920157,-0.051228,1.993709
-1.875870,-0.129747,2.029076
-1.829868,-0.207929,2.062362
-1.782301,-0.285646,2.093587
-1.733305,-0.362782,2.122771
-1.682997,-0.439235,2.149927
-1.631466,-0.514920,2.175061
-1.578780,-0.589770,2.198168
-1.524975,-0.663732,2.219234
-1.470063,-0.736771,2.238233
-1.414032,-0.808861,2.255128
-1.356849,-0.879988,2.269870
-1.298468,-0.950145,2.282405
-1.238835,-1.019326,2.292672
-1.177894,-1.087524,2.300607
-1.115593,-1.154725,2.306146
-1.051895,-1.220911,2.309230
-0.986780,-1.286047,2.309806
-0.920252,-1.350090,2.307832
-0.852341,-1.412980,2.303279
-0.783107,-1.474643,2.296133
-0.712639,-1.534991,2.286394
-0.641054,-1.593927,2.274083
-0.568496,-1.651341,2.259232
-0.495127,-1.707121,2.241892
-0.421127,-1.761151,2.222125
-0.346682,-1.813315,2.200004
-0.271981,-1.863506,2.175608
-0.197206,-1.911622,2.149019
-0.122527,-1.957578,2.120319
-0.048094,-2.001300,2.089587
0.025966,-2.042732,2.056893
0.099553,-2.081835,2.022297
0.172597,-2.118588,1.985849
0.245057,-2.152986,1.947583
0.316919,-2.185036,1.907524
0.388192,-2.214760,1.865680
0.458907,-2.242186,1.822052
0.529105,-2.267348,1.776631
0.598834,-2.290279,1.729405
0.668140,-2.311012,1.680359
0.737062,-2.329572,1.629481
0.805620,-2.345975,1.576767
0.873817,-2.360228,1.522221
0.941627,-2.372322,1.465863
1.008997,-2.382239,1.407727
1.075846,-2.389946,1.347864
1.142062,-2.395401,1.286342
1.207511,-2.398552,1.223247
1.272034,-2.399342,1.158679
1.335461,-2.397713,1.092752
1.397611,-2.393605,1.025589
1.458305,-2.386966,0.957318
1.517369,-2.377754,0.888068
1.574646,-2.365935,0.817968
1.629998,-2.351493,0.747136
1.683314,-2.334426,0.675685
1.734516,-2.314751,0.603710
1.783553,-2.292502,0.531295
1.830410,-2.267729,0.458507
1.875100,-2.240495,0.385398
1.917663,-2.210878,0.312006
1.958160,-2.178964,0.238358
1.996664,-2.144841,0.164470
2.033257,-2.108603,0.090354
2.068019,-2.070339,0.016022
2.101023,-2.030133,-0.058513
2.132324,-1.988061,-0.133230
2.161958,-1.944185,-0.208100
2.189935,-1.898559,-0.283078
2.216238,-1.851221,-0.358107
2.240821,-1.802197,-0.433113
2.263611,-1.751501,-0.508008
2.284511,-1.699141,-0.582687
2.303407,-1.645114,-0.657035
2.320171,-1.589417,-0.730926
2.334669,-1.532047,-0.804231
2.346772,-1.473004,-0.876815
2.356358,-1.412297,-0.948550
2.363322,-1.349945,-1.019309
2.367585,-1.285981,-1.088978
2.369092,-1.220452,-1.157455
2.367820,-1.153423,-1.224652
2.363779,-1.084972,-1.290497
2.357008,-1.015194,-1.354936
2.347578,-0.944198,-1.417927
2.335582,-0.872101,-1.479445
2.321132,-0.799029,-1.539475
2.304353,-0.725113,-1.598011
2.285375,-0.650481,-1.655052
2.264326,-0.575259,-1.710596
2.241323,-0.499568,-1.764642
2.216470,-0.423515,-1.817181
2.189849,-0.347198,-1.868197
2.161518,-0.270701,-1.917664
2.131508,-0.194091,-1.965541
2.099826,-0.117426,-2.011779
2.066454,-0.040748,-2.056315
2.031351,0.035911,-2.099076
1.994463,0.112526,-2.139980
1.955724,0.189076,-2.178940
1.915064,0.265542,-2.215867
1.872417,0.341901,-2.250672
1.827728,0.418127,-2.283270
1.780955,0.494183,-2.313583
1.732082,0.570020,-2.341545
1.681113,0.645579,-2.367101
1.628084,0.720784,-2.390211
1.573058,0.795549,-2.410847
1.516123,0.869773,-2.429000
1.457396,0.943345,-2.444672
1.397011,1.016146,-2.457880
1.335120,1.088053,-2.468649
1.271885,1.158939,-2.477013
1.207468,1.228680,-2.483013
1.142031,1.297160,-2.486689
1.075725,1.364267,-2.488083
1.008686,1.429903,-2.487231
0.941032,1.493984,-2.484164
0.872857,1.556440,-2.478907
0.804231,1.617216,-2.471475
0.735201,1.676270,-2.461872
0.665791,1.733577,-2.450097
0.596005,1.789121,-2.436138
0.525833,1.842894,-2.419976
0.455253,1.894897,-2.401590
0.384238,1.945130,-2.380954
0.312765,1.993594,-2.358045
0.240814,2.040285,-2.332840
0.168381,2.085193,-2.305326
0.095479,2.128300,-2.275495
0.022139,2.169574,-2.243349
-0.051583,2.208976,-2.208905
-0.125608,2.246453,-2.172188
-0.199834,2.281943,-2.133240
-0.274137,2.315377,-2.092113
-0.348378,2.346677,-2.048871
-0.422401,2.375765,-2.003590
-0.496046,2.402560,-1.956350
-0.569148,2.426985,-1.907241
-0.641545,2.448972,-1.856354
-0.713087,2.468460,-1.803779
-0.783635,2.485398,-1.749607
-0.853070,2.499753,-1.693922
-0.921292,2.511504,-1.636802
-0.988228,2.520644,-1.578318
-1.053824,2.527184,-1.518533
-1.118052,2.531146,-1.457497
-1.180903,2.532564,-1.395256
-1.242385,2.531481,-1.331844
-1.302519,2.527945,-1.267293
-1.361332,2.522010,-1.201625
-1.418855,2.513727,-1.134866
-1.475115,2.503147,-1.067037
-1.530130,2.490312,-0.998166
-1.583906,2.475258,-0.928285
-1.636431,2.458013,-0.857432
-1.687676,2.438595,-0.785657
-1.737589,2.417011,-0.713018
-1.786100,2.393259,-0.639587
-1.833119,2.367331,-0.565446
-1.878541,2.339213,-0.490687
-1.922247,2.308888,-0.415413
-1.964111,2.276338,-0.339732
-2.004006,2.241551,-0.263761
-2.041807,2.204516,-0.187617
-2.077397,2.165235,-0.111418
-2.110673,2.123719,-0.035279
-2.141549,2.079989,0.040691
-2.169963,2.034083,0.116390
-2.195872,1.986051,0.191726
-2.219260,1.935956,0.266616
-2.240134,1.883874,0.340990
-2.258521,1.829889,0.414791
-2.274469,1.774097,0.487967
-2.288038,1.716597,0.560482
-2.299299,1.657489,0.632300
-2.308328,1.596877,0.703395
-2.315197,1.534858,0.773741
-2.319976,1.471526,0.843309
-2.322719,1.406965,0.912071
-2.323469,1.341252,0.979990
-2.322250,1.274454,1.047022
-2.319065,1.206626,1.113113
-2.313901,1.137816,1.178200
-2.306724,1.068063,1.242210
-2.297485,0.997400,1.305059
-2.286123,0.925855,1.366657
-2.272569,0.853455,1.426906
-2.256751,0.780228,1.485704
-2.238599,0.706206,1.542950
-2.218054,0.631428,1.598543
-2.195068,0.555940,1.652388
-2.169610,0.479798,1.704396
-2.141671,0.403069,1.754490
-2.111263,0.325834,1.802603
-2.078426,0.248181,1.848682
-2.043217,0.170210,1.892684
-2.005721,0.092029,1.934584
-1.966036,0.013753,1.974365
-1.924276,-0.064499,2.012022
-1.880567,-0.142609,2.047557
-1.835034,-0.220457,2.080979
-1.787804,-0.297929,2.112299
-1.738997,-0.374920,2.141528
-1.688720,-0.451328,2.168673
-1.637067,-0.527067,2.193739
-1.584112,-0.602059,2.216720
-1.529910,-0.676236,2.237606
-1.474498,-0.749543,2.256374
-1.417892,-0.821935,2.272996
-1.360093,-0.893372,2.287432
-1.301091,-0.963824,2.299640
-1.240864,-1.033260,2.309569
-1.179391,-1.101655,2.317169
-1.116650,-1.168980,2.322389
-1.052627,-1.235201,2.325184
-0.987322,-1.300281,2.325512
-0.920748,-1.364173,2.323341
-0.852938,-1.426823,2.318650
-0.783947,-1.488168,2.311429
-0.713852,-1.548136,2.301683
-0.642748,-1.606645,2.289427
-0.570753,-1.663610,2.274691
-0.497998,-1.718940,2.257515
-0.424626,-1.772541,2.237950
-0.350790,-1.824318,2.216052
-0.276642,-1.874183,2.191884
-0.202331,-1.922050,2.165510
-0.128000,-1.967840,2.136995
-0.053777,-2.011488,2.106399
0.020224,-2.052935,2.073778
0.093909,-2.092137,2.039182
0.167204,-2.129061,2.002653
0.240055,-2.163687,1.964225
0.312425,-2.196005,1.923924
0.384295,-2.226014,1.881768
0.455659,-2.253722,1.837771
0.526521,-2.279139,1.791942
0.596886,-2.302281,1.744290
0.666762,-2.323162,1.694822
0.736150,-2.341794,1.643550
0.805041,-2.358185,1.590492
0.873413,-2.372337,1.535672
0.941229,-2.384246,1.479125
1.008432,-2.393898,1.420893
1.074948,-2.401274,1.361033
1.140686,-2.406347,1.299609
1.205537,-2.409085,1.236699
1.269382,-2.409452,1.172388
1.332091,-2.407410,1.106768
1.393529,-2.402923,1.039938
1.453562,-2.395957,0.971999
1.512059,-2.386485,0.903056
1.568900,-2.374486,0.833209
1.623978,-2.359950,0.762556
1.677201,-2.342878,0.691191
1.728496,-2.323282,0.619199
1.777811,-2.301188,0.546659
1.825113,-2.276631,0.473642
1.870388,-2.249659,0.400210
1.913638,-2.220329,0.326416
1.954880,-2.188702,0.252311
1.994140,-2.154850,0.177937
2.031450,-2.118841,0.103335
2.066843,-2.080749,0.028545
2.100350,-2.040641,-0.046392
2.131993,-1.998583,-0.121434
2.161784,-1.954635,-0.196531
2.189723,-1.908848,-0.271630
2.215794,-1.861267,-0.346667
2.239965,-1.811930,-0.421573
2.262190,-1.760867,-0.496270
2.282409,-1.708103,-0.570671
2.300552,-1.653657,-0.644685
2.316540,-1.597550,-0.718212
2.330291,-1.539798,-0.791151
2.341723,-1.480424,-0.863398
2.350758,-1.419452,-0.934848
2.357328,-1.356915,-1.005399
2.361377,-1.292854,-1.074955
2.362866,-1.227318,-1.143424
2.361772,-1.160367,-1.210721
2.358091,-1.092074,-1.276771
2.351841,-1.022518,-1.341508
2.343054,-0.951791,-1.404874
2.331781,-0.879990,-1.466820
2.318089,-0.807218,-1.527308
2.302051,-0.733582,-1.586302
2.283749,-0.659192,-1.643774
2.263268,-0.584154,-1.699700
2.240688,-0.508572,-1.754057
2.216087,-0.432546,-1.806819
2.189531,-0.356166,-1.857961
2.161076,-0.279518,-1.907453
2.130764,-0.202676,-1.955259
2.098621,-0.125708,-2.001340
2.064662,-0.048672,-2.045647
2.028885,0.028381,-2.088127
1.991280,0.105402,-2.128723
1.951828,0.182350,-2.167371
1.910506,0.259184,-2.204006
1.867289,0.335861,-2.238560
1.822158,0.412337,-2.270969
1.775098,0.488564,-2.301168
1.726108,0.564485,-2.329100
1.675200,0.640039,-2.354714
1.622402,0.715156,-2.377966
1.567760,0.789756,-2.398823
1.511336,0.863754,-2.417260
1.453212,0.937056,-2.433265
1.393482,1.009565,-2.446834
1.332257,1.081177,-2.457972
1.269655,1.151789,-2.466694
1.205800,1.221298,-2.473020
1.140819,1.289603,-2.476975
1.074834,1.356609,-2.478587
1.007966,1.422226,-2.477884
0.940322,1.486374,-2.474893
0.871998,1.548981,-2.469639
0.803077,1.609986,-2.462140
0.733627,1.669335,-2.452412
0.663698,1.726986,-2.440465
0.593330,1.782905,-2.426300
0.522549,1.837064,-2.409916
0.451370,1.889440,-2.391307
0.379806,1.940014,-2.370465
0.307863,1.988769,-2.347380
0.235552,2.035686,-2.322042
0.162888,2.080742,-2.294447
0.089895,2.123914,-2.264592
0.016609,2.165171,-2.232484
-0.056919,2.204475,-2.198136
-0.130625,2.241786,-2.161571
-0.204427,2.277054,-2.122823
-0.278230,2.310226,-2.081934
-0.351925,2.341247,-2.038956
-0.425391,2.370055,-1.993952
-0.498499,2.396593,-1.946990
-0.571118,2.420802,-1.898145
-0.643116,2.442629,-1.847496
-0.714362,2.462026,-1.795125
-0.784736,2.478950,-1.741112
-0.854127,2.493371,-1.685536
-0.922438,2.505265,-1.628473
-0.989586,2.514621,-1.569992
-1.055506,2.521435,-1.510159
-1.120148,2.525716,-1.449030
-1.183478,2.527480,-1.386658
-1.245474,2.526750,-1.323087
-1.306127,2.523556,-1.258360
-1.365432,2.517931,-1.192512
-1.423392,2.509912,-1.125581
-1.480007,2.499534,-1.057600
-1.535276,2.486831,-0.988609
-1.589188,2.471834,-0.918647
-1.641726,2.454569,-0.847762
-1.692858,2.435060,-0.776007
-1.742541,2.413321,-0.703444
-1.790719,2.389364,-0.630141
-1.837322,2.363197,-0.556176
-1.882268,2.334823,-0.481634
-1.925470,2.304243,-0.406608
-1.966831,2.271458,-0.331195
-2.006253,2.236473,-0.255498
-2.043641,2.199291,-0.179620
-2.078902,2.159926,-0.103665
-2.111954,2.118394,-0.027735
-2.142724,2.074722,0.048071
-2.171156,2.028944,0.123659
-2.197207,1.981104,0.198943
-2.220852,1.931255,0.273843
-2.242083,1.879460,0.348286
-2.260905,1.825788,0.422208
-2.277339,1.770315,0.495551
-2.291417,1.713125,0.568263
-2.303178,1.654300,0.640298
-2.312666,1.593929,0.711611
-2.319927,1.532096,0.782161
-2.325004,1.468887,0.851905
-2.327934,1.404381,0.920799
-2.328747,1.338654,0.988795
-2.327463,1.271776,1.055841
-2.324088,1.203810,1.121880
-2.318620,1.134816,1.186848
-2.311044,1.064845,1.250677
-2.301335,0.993946,1.313292
-2.289461,0.922165,1.374614
-2.275385,0.849546,1.434560
-2.259067,0.776131,1.493047
-2.240471,0.701966,1.549990
-2.219562,0.627101,1.605306
-2.196318,0.551588,1.658916
-2.170723,0.475488,1.710746
-2.142777,0.398867,1.760726
-2.112494,0.321799,1.808796
-2.079905,0.244365,1.854903
-2.045053,0.166652,1.899004
-2.007999,0.088756,1.941061
-1.968813,0.010774,1.981047
-1.927580,-0.067190,2.018942
-1.884389,-0.145033,2.054729
-1.839334,-0.222652,2.088400
-1.792512,-0.299943,2.119945
-1.744015,-0.376809,2.149360
-1.693932,-0.453157,2.176637
-1.642342,-0.528899,2.201769
-1.589318,-0.603956,2.224746
-1.534917,-0.678254,2.245553
-1.479190,-0.751728,2.264172
-1.422172,-0.824320,2.280582
-1.363892,-0.895978,2.294756
-1.304368,-0.966653,2.306665
-1.243614,-1.036301,2.316279
-1.181641,-1.104882,2.323564
-1.118460,-1.172351,2.328490
-1.054085,-1.238667,2.331026
-0.988537,-1.303783,2.331148
-0.921844,-1.367650,2.328834
-0.854048,-1.430213,2.324070
-0.785202,-1.491413,2.316848
-0.715371,-1.551184,2.307171
-0.644636,-1.609458,2.295047
-0.573087,-1.666160,2.280495
-0.500829,-1.721214,2.263541
-0.427973,-1.774542,2.244217
-0.354637,-1.826065,2.222564
-0.280941,-1.875707,2.198626
-0.207007,-1.923395,2.172449
-0.132953,-1.969061,2.144085
-0.058890,-2.012643,2.113581
0.015078,-2.054086,2.080989
0.088858,-2.093343,2.046353
0.162369,-2.130378,2.009717
0.235542,-2.165160,1.971122
0.308320,-2.197669,1.930602
0.380657,-2.227889,1.888190
0.452518,-2.255814,1.843914
0.523873,-2.281440,1.797799
0.594699,-2.304766,1.749871
0.664972,-2.325794,1.700154
0.734670,-2.344526,1.648673
0.803766,-2.360962,1.595456
0.872224,-2.375100,1.540536
0.940004,-2.386934,1.483950
0.995248,-2.394778,1.435990
1.028886,-2.398998,1.406218
1.073255,-2.403542,1.365908
1.138638,-2.408301,1.304522
1.203023,-2.410655,1.241688
1.266300,-2.410575,1.177493
1.328539,-2.408294,1.112107
1.389517,-2.403562,1.045492
1.449122,-2.396358,0.977741
1.507254,-2.386672,0.908944
1.563852,-2.374560,0.839224
1.618811,-2.359993,0.768661
1.671999,-2.342885,0.697295
1.723403,-2.323362,0.625267
1.772951,-2.301433,0.552658
1.820575,-2.277053,0.479494
1.866230,-2.250236,0.405833
1.876608,-2.243308,0.388238
1.898847,-2.228779,0.350861
1.927314,-2.208270,0.301063
1.968136,-2.175776,0.226498
2.006278,-2.142669,0.168564
2.042125,-2.109286,0.135598
2.077154,-2.072396,0.102279
2.111204,-2.031984,0.069591
2.144354,-1.988272,0.037336
2.176404,-1.941392,0.001750
2.207512,-1.891186,-0.042016
2.236292,-1.839953,-0.090670
2.248672,-1.816572,-64.302667
2.265590,-1.782998,-132.042918
2.290669,-1.729856,-210.230695
2.316424,-1.671667,-257.959365
2.344881,-1.605508,-276.018538
2.374977,-1.532516,-279.881208
2.403216,-1.456548,-283.950964
2.427712,-1.380677,-284.507445
2.448930,-1.306995,-278.576749
2.468239,-1.230212,-270.269529
2.486404,-1.150548,-263.318925
2.501578,-1.070634,-258.834527
2.513824,-0.990117,-255.501022
2.522165,-0.910058,-243.933890
2.524777,-0.831946,-223.195369
2.522848,-0.755243,-212.573514
2.518827,-0.677430,-221.253038
2.514205,-0.596267,-236.387465
2.508686,-0.510886,-242.620534
2.503813,-0.458477,-238.821817
2.499228,-0.414621,-235.990633
2.490956,-0.357161,-228.638586
2.472039,-0.276731,-218.893931
2.448394,-0.217915,-217.516774
2.422797,-0.182999,-220.303682
2.394767,-0.149015,-223.119962
2.366778,-0.115169,-224.270318
2.339910,-0.079333,-224.435100
2.313802,-0.037487,-223.675310
2.286991,0.013758,-220.261880
2.258216,0.071348,-212.686244
2.243451,0.098226,-207.526058
2.232409,71.626622,-189.800761
2.212848,143.853822,-173.857762
2.177278,225.943053,-158.203016
2.132578,276.588625,-159.953318
2.076461,297.251693,-183.561153
2.012795,304.719535,-213.081652
1.948063,313.620404,-228.540626
1.885652,321.102464,-228.159255
1.823171,323.443192,-218.893066
1.756652,321.350069,-206.719283
1.687813,316.515692,-194.012990
1.618558,310.275916,-181.168089
1.548812,302.674601,-168.709413
1.480226,285.768312,-154.784466
1.414042,261.095092,-137.962129
1.347441,247.798232,-121.517437
1.277035,252.179666,-108.346875
1.201874,260.776375,-97.719273
1.122783,261.186659,-89.979432
1.043635,253.151658,-86.284625
0.969005,244.628743,-84.559606
0.899812,242.350143,-80.278036
0.833246,246.209884,-71.347919
0.764821,251.447970,-60.046896
0.691314,253.818866,-50.315469
0.612129,252.948491,-44.343431
0.589918,252.420724,-43.637416
0.548193,251.459685,-41.957738
0.490970,250.031566,-40.728586
0.405541,247.557993,-38.201072
0.339140,243.150267,-33.002372
0.302547,236.329574,-25.054956
0.267736,227.233879,-14.528464
0.235263,216.932442,-1.112650
0.203591,207.648228,15.187735
0.167189,201.769695,30.852449
0.120510,200.093773,41.720597
0.065301,201.257228,46.141019
0.008791,202.566008,45.730776
-0.011952,202.179488,45.397105
-75.115521,186.514939,36.362206
-149.953419,176.746788,34.258744
-235.926237,166.976222,43.594915
-291.285529,170.944574,70.114319
-309.631859,192.332272,112.536307
-306.251834,208.100123,149.279241
-303.026276,199.134159,162.916870
-302.672066,173.475818,161.419948
-301.379235,147.535482,160.521434
-297.382611,130.976617,169.497080
-292.167534,122.249562,186.101367
-289.409553,114.633309,201.656142
-289.391415,105.089543,210.394695
-282.666205,91.688985,209.041680
-264.803293,76.339486,200.761832
-250.932265,66.026622,197.695574
-251.506883,62.035942,205.679901
-259.603290,58.646034,218.660563
-265.589533,52.461292,229.259944
-265.932813,44.462360,234.990234
-261.298692,36.429326,237.154957
-254.386147,28.852668,238.157874
-248.367074,21.568561,240.111504
-245.434037,14.392811,244.268193
-245.508130,7.120123,250.836142
-247.219787,-0.459603,259.268598
-249.026362,-8.387396,268.566222
-249.036998,-17.002469,276.994375
-245.053861,-26.754392,282.515364
-236.690968,-37.500668,284.436224
-225.639536,-48.726599,284.131063
-213.757499,-60.354091,283.503100
-202.332563,-72.268205,283.828494
-193.184107,-83.526052,285.885366
-188.243272,-92.695269,290.101695
-187.841831,-99.302875,296.165211
-189.772374,-104.382131,302.865414
-190.439519,-109.834411,308.503391
-186.836993,-117.194929,311.798343
-178.052440,-126.926833,312.421066
-165.277873,-138.433755,311.041628
-150.729031,-150.689299,308.714564
-136.309585,-162.697987,306.238499
-123.134262,-173.723720,303.897536
-111.525519,-183.319022,301.688423
-101.335321,-191.579211,299.551145
-91.852769,-199.119240,297.442898
-82.597219,-206.563447,295.465913
-73.855104,-213.972999,293.963018
-66.436614,-220.877184,293.318222
-60.707979,-226.882972,293.475493
-55.838122,-232.146179,293.679799
-50.142489,-237.243690,292.728463
-42.371326,-242.657205,289.821954
-32.633194,-248.284618,285.147310
-22.327433,-253.556243,279.557935
-12.564550,-259.152750,254.855695
-6.093272,-265.581275,220.681333
1.717735,-266.696480,197.189698
12.434631,-262.308321,186.467086
25.839007,-255.222483,183.867984
39.459388,-250.403379,181.160488
50.616404,-251.473178,173.194093
60.330079,-256.621915,161.840649
71.044266,-261.835260,151.183215
83.155325,-265.098407,143.796646
94.962227,-267.338914,139.602066
104.915394,-270.495248,136.709024
112.527799,-275.722147,134.429067
118.545460,-282.714095,133.385585
125.118433,-289.571001,132.208929
134.361826,-294.434431,128.094373
145.964693,-297.306413,120.912248
157.700713,-299.504637,113.243116
167.883045,-301.917283,107.112858
176.448297,-304.351034,102.308690
184.225944,-306.008290,97.342572
191.808093,-306.202329,91.135622
199.179093,-304.731893,83.693799
205.927483,-301.851443,75.764173
211.748732,-298.074324,68.060111
216.760424,-293.920765,60.761512
221.463431,-289.777707,53.581806
226.373904,-285.878945,46.248013
231.770070,-282.286048,38.698744
237.749236,-278.920286,30.909312
244.231269,-275.719677,22.942735
250.909844,-272.651344,15.014643
257.403542,-269.551617,7.251515
263.434910,-266.005347,-0.522550
268.899684,-261.583857,-8.609985
273.731648,-256.153370,-17.017772
277.782267,-250.004121,-25.284402
280.934158,-243.632404,-32.784632
283.186568,-237.497323,-39.109900
284.717948,-231.892841,-44.309235
285.827096,-226.884788,-48.781448
286.793314,-222.117961,-52.932617
288.688543,-204.541829,-55.334627
292.190661,-175.797530,-55.193950
292.999960,-154.283498,-57.626034
289.322789,-143.662238,-65.018094
283.289971,-140.699046,-75.530807
278.424948,-139.044256,-85.897100
278.243713,-133.418673,-92.962816
281.719706,-124.462516,-97.862837
285.400629,-115.266861,-103.562116
287.111845,-107.776472,-111.332799
287.136146,-101.916028,-119.997736
286.897651,-96.359271,-127.680048
287.534824,-90.709466,-133.473903
289.183894,-85.704886,-137.803397
290.545069,-80.739691,-142.131117
289.895875,-73.960827,-147.705593
286.975381,-65.177904,-154.181720
283.005420,-56.144991,-160.188640
279.120317,-48.350679,-164.834508
275.535522,-41.847319,-168.244147
271.851056,-35.769555,-171.092367
267.675339,-29.339068,-173.959738
262.899118,-22.314131,-177.045405
257.627670,-14.870456,-180.231665
252.077332,-7.722638,-186.545530
246.551237,-3.355820,-212.812698
239.727534,-0.566466,-238.868699
237.207077,7.228186,-255.233218
236.946262,17.900096,-262.812248
238.561798,30.363714,-265.007007
238.076423,39.883232,-268.572623
234.237716,45.186585,-275.302212
229.152214,48.858693,-282.856992
225.058331,53.957808,-289.178367
221.904403,61.385258,-293.552010
218.129058,69.867305,-296.678453
212.478630,77.632860,-299.317648
204.558448,83.621978,-300.401614
195.184040,88.130254,-298.971431
186.460873,92.618066,-296.826721
179.700300,97.969303,-296.220852
173.852237,103.621169,-296.747616
167.066359,108.728755,-296.517134
158.619647,113.156574,-294.511642
149.187700,117.393120,-291.244771
139.835363,121.882253,-287.886114
131.148067,126.714381,-285.268764
123.033136,131.818120,-283.587912
115.014751,137.250361,-282.587784
106.690840,143.133144,-281.933110
97.953670,149.442347,-281.345186
88.936773,155.850045,-280.575941
79.765167,161.907911,-279.284923
70.475938,167.387541,-277.255406
61.154983,172.385143,-274.609124
51.991890,178.821851,-271.419684
44.311067,204.052904,-266.490393
37.546048,230.421158,-260.628211
26.488739,248.593214,-259.519107
13.027616,259.044616,-261.396838
-1.871853,264.218778,-264.930871
-14.236130,269.949523,-265.466422
-23.023065,277.623241,-261.256952
-30.578514,284.874257,-254.182976
-39.360087,289.780212,-246.847953
-49.740251,291.949327,-240.115545
-60.404605,292.451096,-233.149887
-70.024675,292.461988,-224.915634
-77.996155,291.457843,-215.004189
-84.815582,288.806981,-203.956808
-92.071833,286.119754,-193.301839
-100.817839,285.312117,-184.098102
-110.374863,286.135167,-176.023199
-119.496712,287.287425,-168.331204
-127.664078,288.064139,-160.757851
-135.275737,288.710347,-153.478991
-142.993811,289.777459,-146.677818
-151.186220,291.516897,-140.286280
-159.767722,293.814943,-134.134335
-168.414041,296.377814,-128.130038
-176.814264,298.877076,-122.234530
-184.856229,301.047666,-116.349845
-192.571595,302.594832,-110.192167
-200.024822,303.146599,-103.327846
-207.282200,302.465831,-95.413685
-214.429822,300.489742,-86.278955
-221.449794,297.198179,-75.926564
-228.276125,292.706721,-64.555712
-234.903305,287.438820,-52.602752
-241.478955,282.135525,-40.662930
-248.133517,277.352352,-29.177685
-254.845214,273.147641,-18.248931
-261.385646,269.106402,-7.695964
-267.442241,264.698680,2.721165
-272.749732,259.612303,13.087055
-277.208566,253.850609,23.318577
-280.854179,247.583412,33.270745
-283.830104,241.028771,42.844565
-286.281113,234.340763,52.010382
-288.334098,227.639046,60.775125
-290.035880,220.921643,69.192431
-291.372922,214.080001,77.364518
-292.339921,207.005775,85.401527
-293.058281,199.788059,93.344063
-293.755982,192.695226,101.151549
-294.665851,185.961359,108.810070
-295.870203,179.544365,116.425220
-297.297151,173.156495,124.210067
-298.784786,166.461287,132.355116
-300.219466,159.325461,140.906792
-301.552378,151.829484,149.745450
-302.775913,144.158132,158.667911
-303.840531,136.411586,167.500248
-304.638996,128.570475,176.142502
-305.009389,120.502908,184.567215
-304.796929,112.059454,192.785392
-303.861918,103.088042,200.818551
-302.137728,93.515349,208.677856
-299.635342,83.390068,216.321249
-296.449928,72.898671,223.652739
-292.711330,62.290313,230.546426
-288.537827,51.775760,236.903607
-284.001015,41.457946,242.688577
-279.156303,31.369402,247.927174
-274.061845,21.514543,252.678004
-268.801839,11.909407,257.015597
-263.457977,2.551788,261.023225
-258.088775,-6.603580,264.802763
-252.707566,-15.647253,268.456234
-247.305634,-24.675813,272.074965
-241.862697,-33.753654,275.707264
-236.365366,-42.902798,279.364142
-230.801109,-52.112257,283.019417
-225.153751,-61.353676,286.624457
-219.390614,-70.602682,290.118126
-213.471685,-79.833748,293.435352
-207.339691,-89.042523,296.514550
-200.943911,-98.225958,299.304951
-194.237976,-107.387849,301.763377
-187.198536,-116.512789,303.852718
-179.813138,-125.580327,305.538541
-172.087223,-134.550139,306.786586
-164.025172,-143.386636,307.563893
-155.645133,-152.037831,307.838063
-146.974619,-160.450277,307.581973
-138.061911,-168.560471,306.781065
-128.964070,-176.324470,305.446377
-119.739207,-183.718449,303.620083
-110.401887,-190.761347,301.374416
-101.043605,-197.500582,298.803239
-91.677623,-204.011504,295.989191
-82.360261,-210.347309,293.021492
-73.116158,-216.553369,289.947056
-63.911199,-222.629429,286.809430
-54.773371,-228.577048,283.621182
-45.700736,-234.413479,280.330021
-36.667303,-240.162264,276.819409
-27.632697,-245.853875,273.101541
-18.519808,-251.467677,269.289320
-9.209081,-257.122880,263.401996
0.789057,-264.660168,230.487962
9.046737,-273.417104,199.167932
22.745604,-275.076758,181.437149
38.338121,-273.423853,174.910574
55.415193,-269.733183,174.822166
69.055604,-269.761157,172.215900
78.047410,-274.621845,164.596121
85.462725,-280.778446,155.152070
94.565409,-284.703509,146.815342
105.520833,-285.935488,140.799366
116.374948,-286.370472,136.169902
125.403189,-287.778540,131.438675
131.834050,-290.813676,127.399357
136.446563,-294.634658,124.933878
141.911064,-297.115021,121.533411
150.065630,-297.015953,114.575310
159.686841,-295.301776,105.420904
168.439814,-293.529677,97.121201
175.365960,-292.419882,90.955542
181.207379,-291.694557,85.906176
187.178372,-290.774949,80.317765
193.957604,-289.298657,73.397101
201.460733,-287.289155,65.458076
209.168069,-285.007302,57.349731
216.602077,-282.786454,49.704693
223.550230,-280.801718,42.669377
230.024167,-279.087669,36.093709
236.052072,-277.586422,29.939948
241.659267,-276.133089,24.152440
247.083636,-274.542103,18.440408
252.521777,-272.740773,12.574861
258.012300,-270.682438,6.478480
263.526513,-268.168277,-0.028485
269.086453,-264.797619,-7.318533
274.688356,-260.297281,-15.617281
280.156999,-254.727855,-24.637916
285.077413,-248.427966,-33.605557
289.069561,-241.804107,-41.773636
291.900135,-235.204111,-48.783879
293.652652,-228.749365,-54.847051
294.634500,-222.183696,-60.387250
296.109862,-202.507158,-64.089513
298.926849,-171.757354,-65.222296
298.871311,-148.425815,-68.877417
294.178009,-136.179212,-77.259300
286.912424,-131.773327,-88.338517
280.526879,-128.949414,-98.611288
278.527666,-122.532309,-104.879947
280.008407,-113.210919,-108.470868
281.790049,-103.970393,-112.723401
281.943556,-96.653803,-119.176427
280.884984,-91.129856,-126.726390
280.014705,-86.134638,-133.374411
280.402908,-81.327735,-138.112056
282.152979,-77.431991,-141.407980
283.987722,-73.705336,-144.901423
284.165198,-68.135322,-149.978502
282.333768,-60.408626,-156.299905
279.478594,-52.196120,-162.353240
276.492232,-44.938027,-167.094650
273.382231,-38.673437,-170.523982
269.717192,-32.594789,-173.274304
265.200360,-25.990399,-175.967108
260.090984,-19.521892,-185.557238
254.452519,-15.210415,-212.155854
248.551660,-11.045343,-237.358021
246.468277,-2.212799,-253.181575
246.386215,9.416863,-260.492253
247.195283,21.959320,-263.122876
245.462148,31.245068,-267.096535
240.601898,36.817059,-273.754555
234.900929,41.274197,-280.927171
230.446237,46.832128,-286.529184
227.085454,53.716264,-289.842270
223.154375,60.980112,-291.761466
217.136916,67.899862,-293.292356
208.515466,74.251337,-293.875993
198.363450,80.471575,-293.228109
189.039538,87.281220,-293.037868
181.884871,94.683596,-294.723863
175.946181,101.721906,-297.251172
169.533170,107.681850,-298.680972
161.950674,112.636753,-298.167069
153.685356,117.206709,-296.336098
145.505865,121.905667,-294.324965
137.789249,126.860340,-292.853676
130.456857,131.836842,-291.898898
123.257607,136.556752,-290.972992
115.944515,141.005164,-289.653531
108.316676,145.455835,-287.845494
100.160165,150.207406,-285.664117
91.330316,155.232930,-283.102602
81.874827,160.262520,-280.075207
72.176116,164.918662,-276.563111
63.275920,177.863723,-271.925996
55.994025,201.935688,-265.685246
47.775333,223.303448,-260.856697
36.170324,237.268888,-260.355690
22.491949,245.403895,-262.909882
8.828169,251.500675,-265.991175
-2.048698,259.467299,-266.000387
-10.430813,268.796751,-262.402982
-18.650745,276.983029,-257.053018
-28.253105,282.559833,-251.637169
-38.938072,285.706966,-246.282058
-49.488501,287.739082,-240.179840
-58.959916,289.243932,-232.618889
-67.198695,289.620138,-223.561429
-75.054319,288.939866,-213.833143
-83.826517,288.819437,-204.687352
-93.809258,290.159375,-196.532443
-104.099231,292.319136,-188.893454
-113.737351,294.247834,-181.261880
-122.540565,295.659859,-173.625873
-130.941410,296.831887,-166.154022
-139.434972,298.123604,-158.887686
-148.193831,299.568668,-151.654905
-157.041139,301.014159,-144.337499
-165.659037,302.261486,-136.983289
-173.791141,303.163786,-129.717947
-181.382432,303.639607,-122.571818
-188.468579,303.481392,-115.330844
-195.165852,302.494557,-107.665165
-201.581130,300.528735,-99.287070
-207.842730,297.598718,-90.066682
-213.948333,293.690825,-80.008895
-219.924607,289.060373,-69.350151
-225.839992,284.170948,-58.495780
-231.877222,279.677676,-47.918198
-238.122986,275.868017,-37.838514
-244.547542,272.632150,-28.185666
-250.959306,269.506833,-18.685211
-257.146152,266.078696,-9.108425
-262.934300,262.151284,0.594173
-268.247796,257.730298,10.344293
-273.091382,252.934060,20.017874
-277.497251,247.817747,29.566384
-281.520522,242.477753,38.948462
-285.158632,236.893970,48.174387
-288.387120,231.078716,57.223010
-291.109451,224.881463,66.139260
-293.330361,218.351736,74.896848
-295.128263,211.578663,83.475086
-296.707001,204.862368,91.788054
-298.198514,198.256694,99.888108
-299.654555,191.686964,107.903895
-301.000087,184.836425,116.070838
-302.163849,177.518219,124.531821
-303.114524,169.695939,133.303069
-303.870676,161.518220,142.259923
-304.458200,153.161801,151.234700
-304.834597,144.680425,160.112024
-304.938932,136.092432,168.811071
-304.642230,127.265795,177.335292
-303.876814,118.173441,185.665326
-302.540060,108.665253,193.842569
-300.652448,98.808406,201.833662
-298.222215,88.603085,209.628168
-295.376536,78.304244,217.109243
-292.177641,68.020998,224.210318
-288.723259,57.965156,230.827105
-285.018586,48.132326,236.954910
-281.108419,38.592981,242.581747
-277.011185,29.319300,247.749879
-272.783441,20.337830,252.497560
-268.461530,11.621726,256.884621
-264.047191,3.080374,261.000182
-259.533215,-5.350583,264.907148
-254.861707,-13.826064,268.697120
-250.029748,-22.335548,272.372907
-244.979286,-31.002334,275.984309
-239.736119,-39.733017,279.479998
-234.240728,-48.639899,282.888593
-228.519527,-57.604761,286.139231
-222.503047,-66.743674,289.256278
-216.207939,-75.949474,292.173440
-209.575612,-85.329346,294.919242
-202.630474,-94.791145,297.445912
-195.351917,-104.388530,299.769681
-187.769933,-114.038775,301.850550
-179.891447,-123.721648,303.666006
-171.726011,-133.377743,305.169793
-163.302630,-142.904724,306.289051
-154.619989,-152.266641,306.979863
-145.748514,-161.292264,307.151033
-136.688777,-170.008815,306.812246
-127.539959,-178.248099,305.913484
-118.285604,-186.141780,304.545595
-108.979724,-193.555135,302.703178
-99.627359,-200.679423,300.517138
-90.313681,-207.400685,297.974078
-81.025310,-213.885934,295.190018
-71.855723,-220.023278,292.140176
-62.744558,-225.935564,288.906569
-53.710833,-231.546685,285.482285
-44.733217,-236.958596,281.910288
-35.797377,-242.191721,278.184767
-26.872162,-247.292767,274.167387
-17.911235,-252.333889,269.896871
-8.890812,-257.212934,265.404427
0.271922,-262.034857,260.575315
10.031444,-267.902247,236.677739
18.579814,-275.627206,203.957551
30.093990,-278.877160,181.015738
44.702254,-277.604876,170.188252
60.939092,-273.639699,167.559153
75.529821,-271.466039,165.617346
85.694956,-273.794117,159.422395
93.147779,-278.905302,150.362385
101.175018,-283.058119,141.490550
111.114209,-284.859004,134.703837
121.725693,-285.355433,129.777923
131.196722,-286.430596,125.312145
138.448073,-289.129290,121.250047
143.662344,-293.046050,118.520124
148.907474,-296.539324,115.833736
156.315097,-297.801724,110.382984
165.805317,-297.185663,102.147465
175.256682,-295.808675,93.540817
183.278844,-294.927075,86.616899
189.887805,-294.293375,81.047599
196.234733,-293.682746,75.499409
203.037347,-292.346977,68.765122
210.547991,-290.431950,60.894563
218.268568,-287.862777,52.474157
225.763124,-285.152028,44.315060
232.647292,-282.367901,36.686913
238.888081,-279.704528,29.586316
244.496993,-277.110827,22.934589
249.491577,-274.470117,16.692204
254.094865,-271.727178,10.705723
258.483829,-268.659459,4.665358
262.874888,-265.477547,-1.449565
267.181216,-261.814873,-7.881630
271.578159,-257.701724,-14.802903
275.971837,-252.491538,-22.657332
280.452806,-246.532868,-31.204255
284.574319,-239.690014,-40.011988
288.133000,-232.746714,-48.173481
290.719032,-225.756217,-55.353188
292.445949,-219.238172,-61.442258
293.434824,-212.914609,-66.922165
294.527697,-200.568785,-71.303197
297.156850,-170.823829,-72.788714
299.071726,-145.547542,-74.585871
295.805111,-131.657786,-81.701619
289.824445,-126.200479,-91.776039
283.266117,-124.520170,-102.523905
280.411933,-119.671454,-109.800720
281.660496,-111.305790,-113.554273
283.798410,-101.937569,-117.216877
284.481542,-94.271947,-122.899077
283.362498,-88.162299,-130.351892
281.994877,-83.011452,-137.356145
281.363601,-77.453346,-142.725539
282.076674,-72.710641,-146.281191
283.146926,-68.407795,-149.505008
282.942198,-62.963847,-153.927099
280.520081,-55.010291,-159.907864
276.784043,-46.102089,-166.034876
272.823037,-37.920735,-171.036021
268.869473,-30.849066,-174.676881
264.796108,-25.356483,-185.222508
259.669502,-21.974389,-211.111021
254.119077,-18.088066,-235.012621
251.694203,-8.874269,-250.117254
251.337537,3.082111,-257.189278
251.611914,16.157184,-260.427139
249.456777,25.614308,-265.028411
244.169628,31.760984,-272.119033
238.414777,36.371229,-279.213408
233.963027,42.299720,-284.787091
230.870746,49.091648,-288.117141
227.486018,55.867550,-290.093160
222.605308,61.167697,-291.109919
215.498380,65.337961,-290.648344
206.807920,69.758409,-289.000899
198.422488,75.870719,-288.411750
191.298306,83.990252,-290.546835
184.906822,92.183604,-293.987799
177.842468,99.664280,-296.739227
170.137526,105.433849,-297.423695
162.022334,110.906664,-296.871632
154.452742,115.792861,-295.776414
147.132926,121.312237,-295.233817
140.146804,126.411790,-294.863494
132.766019,131.887735,-294.623158
125.219707,136.704569,-293.692901
117.284090,141.543349,-292.122113
109.244936,145.769603,-289.641119
100.748101,150.052283,-286.537705
91.664879,154.433028,-282.975568
82.033480,159.108364,-279.274577
73.085997,177.662461,-274.561536
65.521515,202.163307,-268.459283
55.522870,221.796125,-265.283672
43.188907,233.621276,-265.350759
28.975906,240.724799,-268.278285
16.121750,246.996782,-270.460229
5.933486,256.505512,-269.821736
-2.272008,266.427817,-266.233934
-11.291559,275.599986,-262.064356
-21.485650,281.465513,-257.783977
-32.465248,285.482110,-253.376497
-42.531748,287.732668,-247.488741
-51.253511,289.143358,-239.917035
-58.606499,288.610391,-230.703873
-65.979974,287.401589,-221.150341
-74.621014,287.283164,-212.404676
-84.287677,288.338212,-204.359234
-94.178759,290.178043,-196.655257
-103.158695,291.123029,-188.617702
-111.742123,292.377911,-180.950007
-119.879306,293.063964,-173.363223
-128.644410,295.041497,-166.487877
-137.425591,296.490936,-159.343948
-146.713629,298.887664,-152.445919
-155.473842,300.177918,-145.065942
-164.174911,301.955294,-138.019508
-172.142717,302.570740,-130.714112
-179.937869,303.234600,-123.526462
-187.223954,302.685822,-115.762161
-194.401666,301.639940,-107.507457
-201.397457,299.627907,-98.495237
-208.168137,296.653642,-88.720504
-214.902846,293.317628,-78.589967
-221.340327,289.322535,-68.162089
-228.123893,286.388506,-58.351414
-234.631173,283.096382,-48.623916
-241.538121,281.035820,-39.588638
-247.774772,277.580259,-30.045321
-254.107906,274.681139,-20.732299
-259.472803,269.869286,-10.667210
-264.825380,265.660002,-0.956950
-269.293972,259.925072,9.182098
-273.759950,254.855043,18.846921
-277.550885,248.692176,28.735721
-281.209461,242.863704,38.295143
-284.310012,236.315904,47.911038
-286.957750,229.488447,57.414404
-289.246790,222.538474,66.682089
-291.047600,215.132448,75.875512
-293.064461,208.733051,84.375398
-294.691849,201.710701,92.936606
-296.825323,196.064270,100.804636
-298.298057,188.880405,109.293780
-300.236205,182.897918,117.332910
-301.348593,174.960159,126.224960
-302.981777,168.463868,134.529773
-303.838508,160.260145,143.452264
-305.091666,153.435685,151.682053
-305.523495,145.076014,160.333224
-305.948196,137.466039,168.468234
-305.538304,128.597899,176.839823
-304.699395,119.693185,184.970168
-303.245001,110.182308,193.026456
-301.124742,100.048056,201.049164
-298.852152,90.375138,208.525769
-295.788720,79.672005,216.095393
-292.981920,70.400683,222.692244
-289.187877,59.572896,229.576043
-285.903224,50.780937,235.260520
-281.533543,40.058440,241.416453
-277.883957,31.737462,246.298147
-273.215532,21.402743,251.751010
-269.295493,13.383241,256.054725
-264.456278,3.457244,260.938685
-260.150419,-4.683935,264.942502
-255.114356,-14.262919,269.338448
-250.276848,-22.816947,273.165806
-245.031936,-31.981628,277.020717
-239.578994,-41.067106,280.674116
-234.096527,-49.773392,283.923415
-227.949845,-59.456941,287.378830
-222.133538,-67.781652,290.010812
-215.230524,-78.082440,293.236471
-208.978291,-86.178838,295.294972
-201.359039,-96.978992,298.235438
-194.627417,-104.979865,299.781899
-186.421885,-116.001041,302.320948
-179.168748,-124.003888,303.370941
-170.514429,-134.835477,305.278542
-162.694406,-142.833912,305.734510
-153.764504,-152.931005,306.681807
-145.401676,-160.821627,306.413496
-136.411211,-169.705175,306.169678
-127.579299,-177.476920,305.196358
-118.702492,-184.950994,303.768712
-109.446206,-192.703316,302.250728
-100.736996,-198.794526,299.793712
-91.171669,-206.576238,297.874676
-82.721106,-211.440841,294.557107
-73.013817,-219.195536,292.301805
-64.814010,-223.128032,288.331533
-55.004474,-230.768088,285.783568
-46.806301,-234.218652,281.421118
-36.924626,-241.651942,278.569064
-28.524466,-245.128859,274.001612
-18.613904,-252.154454,270.615905
-9.808157,-256.030544,265.704411
0.075115,-262.312592,261.481964
9.445037,-266.706979,256.465677
19.522428,-272.454474,241.937343
29.392439,-279.955634,208.959480
39.179044,-284.971408,181.403062
53.980663,-285.854181,167.334099
69.136943,-280.964896,161.560689
85.636192,-279.316978,160.881805
96.294056,-277.357716,155.060510
105.161642,-284.010618,147.421883
111.251282,-285.553959,136.931226
121.283537,-290.332009,130.371486
130.286585,-287.698961,123.751930
140.712787,-290.269123,120.210812
147.262800,-289.354735,114.867782
153.198494,-294.024589,112.149133
157.038909,-295.612369,108.982961
163.282072,-297.763906,104.861996
171.606873,-296.598860,97.146807
180.606771,-294.225578,87.981745
189.204724,-293.485124,80.662075
195.135375,-290.604149,73.886042
202.120428,-291.811232,69.294839
207.378131,-287.630019,61.742711
215.861826,-288.822295,55.428639
222.072252,-282.765552,45.577149
231.171771,-283.675505,38.735120
236.774561,-277.108766,29.362160
244.703095,-278.055450,23.584122
249.175557,-272.047754,15.433283
255.542887,-272.476295,10.302079
259.237208,-267.303700,3.344514
264.255995,-266.168529,-1.861963
268.073059,-261.866336,-8.234373
272.188168,-258.524784,-14.358515
276.496942,-254.997078,-20.641065
279.795824,-248.450117,-28.658879
284.743692,-244.722638,-35.848182
287.154207,-234.644352,-45.803457
291.916405,-231.033525,-52.516447
292.439463,-219.184754,-61.749420
295.789689,-216.798825,-66.115241
294.373152,-204.965602,-73.762656
296.763928,-201.132435,-76.618342
296.663706,-166.928834,-80.533071
300.855752,-144.462828,-79.621384
296.289240,-124.743854,-87.688241
291.793976,-121.247829,-95.965746
283.701076,-117.037643,-108.029999
280.304666,-114.126876,-115.502372
280.792652,-105.633590,-119.550520
282.306535,-95.217074,-123.246035
283.895491,-89.146640,-127.501393
281.289420,-79.565871,-136.084235
281.341247,-78.517201,-141.432198
278.045137,-67.637283,-149.183038
280.634386,-68.503316,-150.317156
278.766656,-57.778170,-155.813949
281.263839,-59.553654,-156.819421
276.036803,-45.157924,-165.075576
274.734592,-42.947397,-168.314103
268.235329,-29.429515,-183.093171
266.113323,-31.133660,-207.497771
260.078684,-23.805900,-232.959208
259.754635,-19.076393,-246.268143
258.960730,-6.105036,-253.427341
258.914829,6.571732,-256.298686
256.927099,15.146570,-260.222179
249.934097,24.825635,-268.895801
245.616844,25.754876,-274.570424
238.156427,38.323856,-283.101995
237.510984,38.573479,-283.723413
230.425012,54.009894,-289.312637
229.008385,50.968088,-287.064400
218.368553,64.630787,-290.847193
214.156909,59.063790,-285.476301
203.338667,72.671184,-288.008871
200.619561,71.007145,-286.085370
192.045348,85.892016,-292.024320
187.166359,88.207526,-292.865905
177.354140,99.610108,-296.163540
169.358041,104.360890,-296.187293
161.525149,110.583734,-296.354351
153.329882,118.781557,-297.895349
148.575184,120.090239,-296.555728
139.034626,131.973801,-299.641881
135.276455,128.753360,-295.738876
123.382893,143.639073,-298.666236
119.807040,136.989706,-291.847995
106.299578,153.394514,-293.777108
102.520561,144.593206,-284.708751
88.521299,162.261124,-285.295995
85.422669,171.895429,-274.569482
73.833236,206.053585,-272.531317
66.339533,213.190789,-266.837729
50.183580,230.733678,-270.789624
37.609094,231.602651,-272.040849
24.793853,241.063831,-274.254618
15.591344,251.124894,-272.744426
9.324548,257.847526,-267.430654
-2.553860,272.654399,-266.495416
-9.487474,269.837865,-259.412543
-25.459856,286.008010,-260.647505
-29.960428,276.020859,-249.779654
-44.862847,293.795039,-249.130832
-45.514973,277.474765,-233.763978
-60.070878,294.162340,-232.031839
-62.234243,277.901381,-217.167831
-78.491980,295.771246,-216.144133
-82.444406,282.933691,-202.603845
-96.353813,296.662109,-199.553676
-101.238445,287.961218,-187.926648
-112.205600,295.771641,-182.927028
-120.225214,294.738532,-174.983763
-128.786546,295.957634,-167.396856
-140.414456,303.215055,-162.689108
-145.669153,296.304068,-151.667638
-159.729928,310.562164,-149.928539
-161.273508,295.572202,-135.983106
-176.836745,314.794881,-136.434287
-175.616341,293.178491,-119.785231
-191.996619,314.456000,-120.542999
-189.712325,289.162954,-101.865281
-205.802125,309.202292,-101.347407
-203.988629,284.223118,-82.479750
-218.460712,300.529127,-80.232960
-218.910280,281.284557,-64.113377
-230.662229,291.793923,-59.900415
-234.462451,281.355022,-47.920797
-241.968626,282.142442,-39.911256
-249.223854,280.778840,-31.697752
-251.528597,269.425910,-18.671524
-262.195348,277.456188,-14.322877
-259.579654,254.782822,3.100341
-273.344834,271.657487,3.635890
-266.926590,240.194449,24.254597
-282.715139,263.307001,22.064064
-273.863319,226.494139,44.403666
-289.682124,251.385437,41.267758
-280.057138,213.683122,63.367421
-294.072129,235.951582,60.972221
-286.208477,203.358816,80.297559
-297.055805,219.022835,80.265872
-293.071964,196.290235,95.058414
-299.030887,200.579288,99.573451
-299.958985,190.231511,109.144726
-299.829828,180.008474,119.599316
-306.230238,183.722215,123.320475
-299.918852,158.749226,139.574806
-311.422668,176.108040,137.485868
-299.473930,137.938584,158.666217
-314.462469,165.600410,152.109174
-298.126069,117.642266,176.702781
-314.237602,150.291344,167.860351
-295.701474,98.078562,193.507904
-310.468261,129.697865,184.798762
-292.724391,80.492408,208.431138
-303.809501,105.111718,202.187711
-289.793678,66.145802,220.774810
-294.899023,77.940718,219.270679
-286.812371,54.815451,230.567819
-284.242685,49.300355,235.606352
-283.497364,45.505335,238.363254
-272.691388,20.705169,250.774851
-279.545103,36.814661,244.987141
-261.031658,-6.456124,264.445853
-274.305190,26.835006,251.398910
-249.738565,-31.000374,276.226019
-267.045008,13.910967,258.249328
-239.160184,-51.764252,285.566721
-257.236266,-3.040714,265.847787
-229.455106,-68.042280,292.089541
-244.562359,-24.610318,274.329551
-220.462288,-79.930131,295.807158
-228.963865,-50.809505,283.658620
-211.767829,-88.289719,297.116180
-210.798092,-80.846663,293.544863
-202.861682,-94.485715,296.671303
-190.819455,-113.089378,303.372387
-193.103571,-100.204569,295.199384
-169.947155,-145.285562,312.167231
-181.746822,-107.163756,293.282781
-149.177734,-174.775025,318.668064
-168.168161,-116.796776,291.317843
-129.522150,-199.022414,321.723466
-151.985414,-130.274503,289.722310
-111.777578,-216.299521,320.700099
-133.061495,-148.396107,288.912932
-96.322099,-225.928439,315.505059
-111.502726,-171.193214,289.033031
-83.100291,-228.249227,306.461035
-87.882810,-197.832316,289.835199
-71.666705,-224.823607,294.357294
-63.002427,-226.854715,290.834136
-61.009553,-218.285465,280.444343
-37.624351,-256.200495,291.326678
-49.772805,-211.761317,266.123278
-12.799126,-283.314800,290.288328
-36.748998,-208.303352,252.595883
10.417351,-305.464861,286.472257
-20.876255,-210.421129,240.511521
31.171266,-320.270997,278.518530
-1.472814,-219.658206,230.461344
49.056600,-326.239730,262.879224
22.236289,-238.854728,188.661460
62.908746,-327.856878,191.908076
51.733187,-260.419302,150.598233
84.698308,-304.491151,163.282756
91.974175,-273.499013,153.427393
103.099870,-275.499090,148.684383
121.074396,-301.250192,150.140746
107.062266,-259.287764,119.945856
145.420726,-331.203136,141.863938
116.944032,-239.121200,97.561424
172.317506,-349.232768,139.273056
128.196863,-224.249054,82.373800
189.123140,-363.334375,134.709767
135.520098,-224.105080,73.983681
198.246847,-368.043453,128.040318
151.912629,-229.982689,65.011248
211.056346,-353.533593,106.214461
176.757282,-242.339225,54.782742
216.861309,-328.487723,82.953057
199.985224,-265.972380,54.151854
216.808796,-296.478620,59.013191
226.286127,-294.392091,53.355649
218.068207,-258.514416,29.296508
254.774351,-321.805965,49.877293
219.957196,-220.630672,0.051279
279.493418,-344.781436,46.282323
221.943211,-189.524324,-24.135009
297.510886,-358.786194,40.778394
225.885863,-169.462492,-41.861330
307.804285,-359.020285,31.210734
234.117326,-162.640368,-53.116902
311.019288,-342.784085,15.237310
247.974006,-169.828892,-58.728764
307.826492,-309.362872,-8.348018
267.328001,-187.960835,-61.317379
299.723049,-259.807036,-39.905580
290.068025,-213.343055,-61.455788
286.962240,-200.946870,-73.485132
311.569858,-243.433193,-56.713756
270.707034,-142.088306,-103.467037
329.232795,-272.326869,-50.074749
257.146105,-68.790789,-127.659872
346.552118,-250.428255,-40.855804
247.664959,1.371638,-143.630095
345.506992,-244.588014,-48.086023
232.599401,19.177045,-165.886633
332.371401,-237.330312,-68.530597
233.641587,18.517871,-172.842049
323.935100,-198.236432,-87.360147
249.393573,3.877038,-166.659002
306.037130,-140.542426,-115.438280
265.957138,-32.382781,-159.260012
279.079195,-73.005823,-150.820316
286.721278,-79.971146,-144.614181
253.085447,-1.549047,-182.962320
310.178702,-130.387502,-126.764591
227.478091,68.613750,-221.294667
324.692833,-168.865743,-147.254132
201.786077,123.095752,-292.932911
332.490479,-192.241951,-175.228309
193.399064,162.238467,-323.352940
336.147594,-178.558454,-181.775371
191.662798,185.536555,-329.813440
315.591448,-136.146926,-205.120803
188.933847,172.521506,-334.254009
284.713727,-80.896228,-237.785599
209.844456,116.906011,-314.083483
258.655844,-14.748987,-263.165629
240.554642,41.865355,-278.625678
219.679524,69.178373,-292.911901
261.221569,-34.122632,-242.128614
167.887538,168.569841,-328.588561
269.424345,-82.413727,-222.072453
118.567541,269.250648,-372.314785
272.476306,-114.886305,-212.676776
85.405686,330.316063,-395.222144
264.655598,-125.912616,-205.359688
58.569874,369.645338,-406.092567
238.775386,-93.876051,-216.728494
56.961667,350.995185,-395.476978
216.766584,-61.420853,-228.241759
89.860107,263.646115,-351.491478
191.135200,-5.448328,-241.554744
129.301723,159.396341,-295.899970
140.599932,98.572166,-273.122718
156.061947,59.850702,-245.076697
69.850692,233.277859,-317.769128
170.251689,-2.920874,-202.036451
-7.729014,414.732279,-367.465036
162.273072,-12.381793,-181.925342
-79.534405,549.667589,-413.897994
151.947998,-44.079241,-168.268267
-117.024148,599.672085,-430.091108
137.269560,-43.082531,-161.672982
-125.428774,602.699885,-415.703522
107.003855,-1.547183,-162.559068
-108.588634,523.937351,-361.565182
66.372771,56.402576,-169.387318
-58.770522,380.026276,-287.255971
20.223645,157.320224,-201.008016
0.532730,224.953928,-214.016443
-48.290404,304.943218,-251.161916
41.812752,83.372837,-142.888190
-150.896546,495.977963,-310.885652
32.108642,17.797566,-96.425396
-260.959608,687.544257,-368.412639
35.200925,-53.645385,-52.815396
-301.043948,758.665526,-381.941631
42.223003,-110.657427,-14.710597
-329.585872,779.504616,-365.544677
1.842597,-76.474458,-9.817536
-321.154533,725.071311,-326.738753
-27.329176,-15.265810,-30.462457
-237.501040,544.546473,-247.374907
-52.387045,67.901809,-60.461522
-137.961488,312.634247,-142.623344
-122.027625,224.488180,-112.657609
-67.588353,94.017602,-33.026664
-249.407837,458.687320,-180.221863
-63.333894,-29.792264,47.461328
-409.574389,733.489882,-258.488470
-68.336301,-135.920878,121.082727
-495.204701,883.104296,-294.993899
-36.344287,-249.482141,177.885447
-519.665652,921.016440,-289.832763
-52.778754,-271.205796,209.998132
-516.869211,873.545741,-244.004469
-68.064585,-241.102408,202.852518
-414.779519,684.362666,-174.774295
-86.606713,-122.359399,129.363490
-288.076370,445.117126,-96.345647
-164.518264,100.179894,26.239820
-181.084651,174.485346,20.338780
-304.308251,395.091937,-77.158816
-119.403221,-67.250666,146.252283
-481.052315,704.657746,-158.388718
-96.535789,-305.768452,309.530933
-620.362704,890.347010,-158.112301
-41.913513,-535.027567,447.130687
-651.706410,956.429139,-158.195367
0.423870,-671.933568,522.707650
-640.996069,923.084430,-123.984586
-8.093212,-630.391946,488.938970
-572.215779,855.319035,-140.685345
-55.475409,-392.139925,318.583630
-433.804890,651.834718,-115.778895
-135.169370,-116.762495,169.549173
-275.757487,288.678704,33.026520
-279.667593,205.548462,56.772745
-145.708435,-104.360887,227.360767
-502.166138,629.537491,-68.827651
-109.325049,-400.865945,417.799884
-719.388159,968.257353,-121.796939
-5.091696,-791.080277,641.007545
-730.057005,989.528930,-80.346726
181.441171,-1209.946306,834.706722
-661.124957,904.916217,-30.880152
194.633687,-1224.305405,828.119018
-693.069882,1017.292779,-113.727898
54.094962,-815.432172,569.791102
-589.365111,925.231040,-172.322022
-16.937581,-468.566988,338.468755
-346.405575,468.739896,-24.374722
-151.433319,-99.193392,185.071491
-142.284835,-72.794055,227.414143
-406.164554,406.633799,31.059117
-26.210148,-551.013949,495.226312
-712.610863,981.934495,-134.711518
77.267692,-963.368571,711.681971
-815.670151,1197.418409,-170.171599
371.020823,-1636.229161,1019.400302
-666.700564,996.838877,-57.623303
558.939194,-1987.286466,1159.217771
-681.317257,1116.252076,-137.799559
366.200698,-1503.526124,867.165414
-712.169927,1268.299813,-304.332780
181.193610,-944.242686,526.011251
-480.191749,845.754605,-190.716323
23.203141,-488.773038,324.041259
-188.346669,109.311279,154.834342
-254.684956,73.971797,165.577541
45.382348,-635.536345,539.377843
-611.494133,814.265456,-81.945872
238.173261,-1204.172159,784.548128
-877.624946,1486.373308,-365.513602
524.193591,-1826.897660,1000.944641
-713.406765,1381.877897,-341.638560
1056.525912,-2759.122380,1346.110360
-525.993467,1250.447735,-318.798304
939.565666,-2478.766372,1176.433972
-789.220530,1679.469912,-514.442149
454.537821,-1608.567214,794.323491
-745.157744,1457.391692,-431.601806
223.553979,-999.073172,516.744074
-318.276162,556.463001,-62.309218
-7.754116,-345.274788,262.316892
107.083842,-509.965891,419.768153
-390.197106,491.099486,-23.581854
430.496284,-1462.525375,862.472511
-876.663367,1566.640204,-430.468936
694.573091,-2118.136033,1081.946536
-875.021602,1988.407144,-719.972108
1399.825352,-3159.325140,1262.938864
-549.293696,1929.014571,-935.568766
1630.294763,-3434.129838,1241.753536
-767.984916,2246.720732,-992.213093
1014.094540,-2639.482452,1098.881710
-990.182339,2169.406467,-751.512336
556.996631,-1854.662684,856.027873
-579.305802,1249.880746,-384.471157
292.985104,-937.805923,394.257093
60.472959,-4.149436,49.924846
-93.442144,192.204924,-116.430578
592.044607,-1357.494482,624.872363
-697.104136,1447.465903,-543.289413
971.794519,-2614.279065,1236.816215
-1147.963533,2530.896593,-968.654339
1480.577330,-3399.801708,1311.694769
-850.290774,3030.555438,-1587.558207
2354.729563,-4324.265668,1307.848522
-720.376356,3129.348196,-1652.442055
1837.781893,-3978.527691,1481.545468
-1298.889952,3124.832243,-1157.896619
977.804205,-3058.535612,1405.065865
-1083.591471,2319.010630,-773.701927
632.513406,-1836.642901,733.615200
-213.926570,884.900587,-378.886184
245.999362,-322.735141,-43.339581
621.566948,-865.989636,265.723655
-398.383558,1294.931428,-701.549703
1250.968736,-2708.864259,1116.958547
-1263.820252,2942.640848,-1197.500163
1722.776519,-4184.267244,1768.701597
-1305.954446,3803.037208,-1787.052865
2726.816929,-5201.589905,1609.600720
-1187.230039,4786.233386,-2617.862192
2630.890176,-5139.159971,1660.329005
-1705.614369,4725.555390,-1973.590835
1704.378586,-4626.816806,2036.584709
-1671.362517,3758.096072,-1312.124310
1187.862559,-3328.656572,1354.301346
-721.266705,2155.087813,-908.787629
665.100150,-1324.321386,308.489013
344.404516,55.243230,-142.104232
-157.031993,914.349224,-656.080160
1306.091913,-2326.798126,836.177327
-1155.030830,3193.371223,-1510.955273
2164.147156,-4776.769122,1969.390961
-1833.820017,4895.169260,-2098.830417
2802.218250,-5921.612210,2157.368414
-2126.689634,6727.952923,-3358.230168
3363.894534,-6696.427977,2143.820668
-2269.932496,6702.556468,-3034.599181
2800.862225,-6741.586288,2728.985553
-2352.048799,5809.190703,-2160.258619
2018.909107,-5339.127407,2232.746107
-1577.567607,4207.752941,-1669.358177
1211.107150,-2883.382831,911.428846
-321.088946,1626.504160,-812.893778
146.584535,25.199476,-409.472737
1022.221129,-1507.256857,410.125805
-1058.577320,3127.947477,-1701.908280
2323.726533,-4775.080602,1779.628193
-2279.147879,6049.244993,-2781.849251
3339.876911,-7342.630190,2791.748626
-2776.231200,7943.595394,-3702.698638
4173.385507,-8901.954590,3164.153034
-3376.850971,9425.447054,-4298.425716
3809.579886,-8984.086402,3385.253870
-3519.573053,8914.146205,-3691.043431
3114.297053,-7986.414097,3158.880764
-2723.103806,7045.353281,-2846.049163
2186.506952,-5434.134788,1974.957711
-1257.030671,3913.159293,-1671.274855
806.342433,-1810.374688,337.665584
445.220423,-98.819859,-114.017389
-843.602425,2387.541146,-1447.228850
2195.919922,-4380.881016,1611.965798
-2541.744400,6616.394322,-3134.298634
3916.147928,-8682.585677,3409.350059
-3619.313997,9608.110251,-4244.863835
4780.228284,-10886.262542,4210.765655
-5029.530555,12907.853131,-5695.477529
4858.636305,-11817.774128,4444.596611
-5074.680328,12771.190810,-5459.040546
4756.289785,-11778.171908,4621.243652
-4103.712120,10691.735705,-4297.818037
3741.487323,-9292.879770,3671.300534
-2676.358234,7280.326870,-2894.620850
1835.829744,-4753.131795,1614.872583
-673.714029,2457.986463,-1027.927024
-366.431449,813.187982,-755.602677
1676.264262,-3174.842673,1257.321809
-2692.243694,6663.515283,-3140.617457
3986.566859,-8961.051306,3610.777552
-4806.785982,12051.469807,-5367.118447
5670.096393,-13152.623755,5129.669581
-6170.068011,15504.245649,-6640.928109
6780.283795,-16656.757413,6881.295366
-6868.260684,16820.024711,-6741.398353
6644.519228,-16728.549812,6868.544012
-6439.713273,16175.836828,-6554.812148
5515.592180,-13961.916719,5454.206767
-4947.278859,12788.543729,-5206.884093
3447.004493,-8979.795089,3315.705736
-2409.749121,6709.771163,-2642.028357
733.246888,-2314.403222,558.784266
703.337165,-886.178764,496.687676
-2374.169959,5345.104349,-2548.980314
3866.205572,-8825.463869,3782.245882
-5450.398947,13025.609518,-5645.211018
6791.206934,-16086.155013,6677.136563
-7622.441500,18685.976638,-7827.818436
8355.814733,-20603.279107,8555.255867
-9689.911509,23347.932597,-9552.290860
8664.607361,-22051.707781,9026.820824
-9502.022293,23339.354842,-9493.291129
8274.102646,-21019.880235,8437.448940
-7641.863101,19347.213117,-7697.356780
6287.089635,-16291.482722,6500.281739
-4753.805695,12368.503079,-4668.925747
2821.263866,-8011.218376,3035.486137
-990.329938,3176.027272,-899.062183
-1387.362723,2346.111401,-1284.673741
3195.299937,-7184.873939,3309.610800
-5748.501051,13148.162066,-5698.501656
7269.796373,-17449.894646,7462.257910
-9597.705749,22773.827870,-9548.889568
10177.659340,-25172.839043,10536.889928
-12001.192116,28886.792570,-11802.944262
12330.194270,-30821.982346,12897.459788
-12579.213981,30837.346866,-12339.709885
12124.046495,-30667.529582,12642.183607
-11634.414589,28893.293238,-11467.218532
9732.715356,-25303.159196,10197.741444
-8762.134134,22028.065233,-8584.217649
5720.659963,-15704.865654,6104.584858
-4026.655303,10672.468587,-3840.627687
566.175491,-3038.519658,862.733986
1694.802989,-3371.009949,1977.066257
-5166.381562,11092.391064,-4858.601907
7513.088238,-17947.221084,7980.665838
-10668.969914,24850.028969,-10371.775230
12599.579305,-30786.356727,13148.938692
-14697.559658,35223.346769,-14385.251783
15618.388657,-39011.311488,16421.041512
-17499.208325,42206.796650,-17069.478411
16317.543602,-41462.595266,17117.229194
-17005.132837,41747.093273,-16743.240707
14954.431404,-38328.700994,15578.602760
-13613.050164,34234.415785,-13428.365183
10928.590166,-28655.105931,11479.969918
-8035.590680,20916.857304,-7774.871642
4482.622765,-13119.852740,4997.898186
-940.919240,3479.122779,-535.286908
-3309.003319,5917.451503,-2818.147392
6790.047295,-15787.370338,7355.016142
-11220.826406,25552.780595,-10811.837575
14124.845924,-34251.111219,14784.543272
-18008.082338,42680.004997,-17685.912376
19474.571034,-48194.249919,20266.962769
-22143.555696,53539.148061,-21833.132896
22838.542842,-56953.782038,23700.351775
-22944.771670,56557.318558,-22721.026996
22165.883537,-55933.699928,22937.672763
-20655.757106,51620.979752,-20476.831049
17584.713198,-45551.632092,18335.679206
-14895.495214,37831.267274,-14624.662957
9943.468650,-27275.963452,10608.374592
-6034.854502,16421.017370,-5676.573320
213.059969,-3421.169921,752.799853
4506.187637,-9475.196426,4999.910342
-10343.487769,22766.869167,-9924.180169
15124.776568,-35934.748199,15771.294599
-20174.275686,47599.961110,-19955.260545
24190.653157,-58705.303025,24824.736314
-27356.846462,66199.662821,-27215.596431
29543.577496,-73243.181355,30599.113273
-31568.988856,76980.029507,-31208.920799
30558.035169,-76939.371469,31615.222704
-30238.583391,75046.728509,-30150.498797
27285.768943,-69395.354700,28005.769401
-23762.644793,60536.310432,-23890.967913
19222.400051,-50006.938405,19727.672561
-13236.480669,35283.096862,-13214.929565
7056.317001,-20655.591430,7520.789328
65.175393,2567.615689,347.651773
-7269.860614,14480.780176,-6895.658577
14391.713194,-33060.765151,14920.255230
-21545.396457,50093.510034,-21357.190584
27613.740416,-66443.575941,28388.560387
-33588.192105,80372.944222,-33362.181066
37195.960788,-91297.812774,38111.284487
-40585.616185,99516.309579,-40995.290862
42487.398387,-104756.705433,42916.992447
-41621.765059,103872.922378,-42231.388802
40424.618388,-101312.864477,41070.661098
-36683.000175,92565.532970,-36926.720441
31496.297462,-81087.087112,32366.099701
-25287.521641,65242.799756,-25292.368515
17062.382131,-46350.579158,17720.725721
-8576.839737,24892.527439,-8596.007827
-1077.026386,-1643.300293,-817.200897
10906.287781,-22858.553064,10961.055494
-20512.761891,46701.373573,-20584.046948
30128.304438,-70796.933532,30406.198150
-38472.283883,91777.876094,-38724.905779
45790.280072,-110599.630399,46216.092734
-51149.017933,124769.900507,-51672.638706
55720.913272,-136727.710635,56439.099482
-56952.968282,140706.475295,-57480.231082
56804.213469,-141637.461058,57698.885885
-54098.098814,135548.935314,-54807.562204
49099.440402,-124354.103705,49822.705208
-41816.600470,107503.240774,-42779.856254
33185.701452,-86152.725413,33562.238701
-21732.735952,59485.251703,-22658.589662
10420.803142,-30957.706451,10622.981188
3198.827321,-1746.693284,2669.088585
-15958.126441,33796.745740,-15890.417952
29581.514087,-67420.222219,29528.004350
-41842.036905,98402.012347,-42069.160116
53488.860911,-127747.990039,53843.262482
-62647.175983,151449.996450,-63165.116055
70482.282297,-171668.492931,71033.450171
-75369.478255,185557.487127,-76636.136469
77631.105507,-191428.088113,78039.679998
-76405.644040,190981.709757,-77859.454515
72963.463596,-182750.823942,73754.554706
-65256.721608,165808.621958,-66460.446296
55969.527816,-143487.604436,56890.275086
-42829.271002,112453.288114,-43836.910616
28479.858908,-77367.690968,29147.459186
-11615.570268,36913.462678,-12420.656316
-5598.636272,6288.051394,-5492.093059
24066.099379,-50986.459960,23504.051768
-41382.158285,95322.245930,-41929.490230
58815.119895,-137976.115410,58680.127855
-73400.042975,176156.099713,-74377.663937
86507.468409,-208926.639982,86923.149392
-95790.338649,234334.008693,-97153.087271
103206.338936,-253141.297825,103954.052676
-104397.816530,259160.500954,-106091.012493
103894.053540,-258577.302442,104924.313839
-97231.331790,245254.186565,-99004.456016
87816.401594,-222359.794778,88867.451468
-73594.140645,190256.308631,-75358.558402
56522.504560,-147931.817158,57117.541164
-35939.432457,99384.145301,-37410.568247
13800.963208,-44007.775467,13868.318638
10597.641999,-14767.253669,9757.332818
-34506.138152,75385.682842,-34974.066739
59085.417522,-135481.122766,59017.131277
-81193.403061,192267.262688,-82248.458958
101922.747480,-243982.349105,102575.105457
-118111.942269,286750.032196,-119757.325711
131524.958574,-320993.973115,132661.562914
-139444.396823,343726.843195,-141625.843481
142183.670824,-352320.794814,143535.395571
-139325.027909,348420.185464,-141673.299562
131205.439249,-329756.097145,132545.623196
-116464.091599,297175.728513,-118591.296381
98128.043719,-251877.656274,99187.207539
-73217.342034,193967.136565,-74929.045736
46199.328427,-126795.514907,46676.347470
-14836.972164,51420.887288,-15923.418108
-17257.002939,28891.898152,-17588.129360
50729.251889,-110660.132154,50443.494480
-82797.164925,192167.835033,-84079.171322
113436.350696,-268097.767412,114067.480174
-140181.512541,337273.697795,-142296.542915
162530.815077,-394276.716324,163901.341578
-179099.479316,438635.703043,-181792.207497
190069.736139,-468064.007334,191993.049900
-191999.945309,477083.705500,-194926.700100
188445.935044,-470457.450125,190556.786565
-175333.891720,442944.489408,-178168.586631
156050.349312,-396404.608131,157898.698490
-129035.181606,334019.054864,-131434.787815
95953.738377,-253078.591716,97104.482837
-58042.762186,161741.627010,-59569.028860
15760.462169,-57623.174785,15921.131873
28230.058831,-50370.078980,27838.273080
-73173.999126,162582.634337,-74112.117329
116869.200112,-271175.766205,117702.964103
-157448.662161,374103.800905,-159500.434006
193709.365879,-465705.998314,195507.754491
-222712.808292,541503.333408,-225751.909403
244909.785411,-599644.486451,247505.520459
-257839.400881,636044.885996,-261483.100730
260505.432440,-646991.278663,263533.244602
-253373.635549,633947.730694,-257135.276130
235737.469952,-593869.570146,238656.808774
-207335.185274,529397.778808,-210693.978515
170749.529414,-440592.872257,173038.072923
-124840.131787,331113.432777,-126893.239992
72567.646367,-203615.366883,73798.810577
-15528.649308,63645.593255,-16048.285454
-44981.447631,85401.305214,-45219.479036
105209.808169,-235204.378807,106202.664059
-164470.939166,383409.871233,-166416.776646
218625.342915,-520067.855367,220897.279304
-266926.071234,643260.671645,-270381.633546
305515.847618,-743069.065978,308843.588611
-334058.581390,818865.143656,-338461.864788
350434.627142,-864898.115851,354670.788993
-352339.497736,875796.714513,-357095.622491
341578.452642,-854508.108270,346047.356066
-315484.759784,796777.030907,-320052.078920
276481.239476,-704876.783867,280329.701102
-225165.082176,583123.598229,-228422.889675
161582.116556,-430319.329342,164299.692307
-90971.627842,257446.270673,-92365.285813
11613.030980,-64624.531894,12849.006210
68935.875432,-135976.499581,69562.776109
-151827.899553,340747.787448,-152734.962451
230465.875957,-538549.600410,232925.685951
-303833.166489,723574.012029,-307075.861975
367504.467833,-886210.597636,371595.984890
-418669.808042,1019526.782846,-423895.719833
455530.913910,-1117623.464106,460972.881078
-475740.599609,1175122.493499,-481854.832459
476630.107211,-1185409.686107,482893.069936
-459626.526623,1151243.935205,-465808.471539
422664.678164,-1067831.599362,428595.664982
-367760.319583,939595.361376,-373128.259725
295868.429976,-769161.876829,300862.396548
-209866.696505,560344.421662,-212920.786215
111055.847730,-321561.698637,114403.073057
-5300.246447,60049.995381,-5651.478001
-106077.059617,214011.490192,-105753.419692
216380.239399,-489587.992292,218492.100909
-323691.208104,757408.409392,-326502.735892
420713.942857,-1003950.043144,425614.398153
-506493.378286,1221563.687251,-511722.261845
573187.079836,-1396702.266633,579995.264019
-620944.599615,1524780.712513,-628975.396929
645528.493961,-1595407.145302,653351.932652
-644286.503493,1604397.434937,-652972.278292
618242.811568,-1549727.390795,626632.946038
-565830.974620,1430946.544746,-573628.313575
488305.976146,-1251399.531324,496177.513128
-389940.359533,1014078.613222,-395250.339369
270373.198332,-726367.736882,275845.656914
-136790.685774,399730.364121,-139335.664565
-9026.672265,-42373.068972,-7201.604342
158594.718236,-328890.403556,159542.980774
-309336.478407,702362.249794,-311451.356336
452110.571256,-1061995.701151,457073.359951
-583447.110748,1393203.746525,-589295.238589
695934.403530,-1681484.662663,704054.855972
-784986.459252,1913222.917887,-794143.230471
845637.679022,-2078666.904627,856762.409072
-876081.804032,2166478.650982,-886479.460739
870303.808919,-2168485.849354,882470.356625
-831630.071972,2086454.493988,-842510.791206
756693.208470,-1917111.114697,767254.016811
-649164.606705,1663937.196066,-658883.811356
512306.308533,-1335254.047010,520297.491952
-348405.953896,939797.869695,-354497.571782
164780.516317,-491450.564897,169093.753362
32658.578433,5199.405777,31539.927866
-237181.470930,498965.249501,-237682.116287
439182.491324,-1003880.836995,443442.583693
-632404.668522,1487790.211354,-638238.023390
807199.931660,-1931196.791666,816398.100809
-956735.809564,2313643.809398,-967215.518006
1073446.439833,-2619358.296524,1086652.390858
-1152911.658056,2832938.081707,-1166910.782056
1186275.040392,-2938478.814574,1202293.201042
-1176624.017206,2932250.151185,-1191423.191859
1117418.105818,-2806943.819370,1132911.467935
-1011357.421377,2564819.670695,-1025699.163380
862407.353967,-2212125.477767,875040.315413
-671717.914147,1755289.702862,-682188.138734
446854.359867,-1211919.214327,455401.845312
-195950.349591,597766.774134,-200539.595948
-73613.484934,64048.586562,-71473.680385
349986.553163,-748805.370711,351971.884339
-623482.583076,1430541.905088,-628825.704120
882643.280843,-2081675.900029,891558.282857
-1116361.659576,2674160.309106,-1128547.112496
1314531.832043,-3182999.611356,1329731.459403
-1467810.981901,3583882.695405,-1485241.453979
1568362.385801,-3858546.838682,1588553.042466
-1609950.349634,3986460.158209,-1628999.021343
1586700.248965,-3960112.111583,1609483.644715
-1501477.883690,3774081.758296,-1521598.306840
1352170.479741,-3430972.495052,1370505.988743
-1142511.270515,2936371.407367,-1160315.333209
879941.288295,-2304907.842737,893701.068516
-570956.602795,1557131.605826,-581481.546344
227469.893303,-717359.524256,234039.336869
138863.069470,-184405.140273,137141.803422
-513683.220373,1112454.784193,-516486.217467
882826.903674,-2033895.380781,890719.310576
-1230457.264923,2908130.798523,-1242995.844781
1543134.383227,-3701247.346002,1560047.768999
-1804960.169805,4375222.903444,-1826039.001486
2005954.893310,-4902081.189867,2030053.366598
-2134432.008952,5252992.729703,-2160634.865844
2179471.908464,-5405394.762871,2209260.630508
-2142653.847539,5346731.151977,-2169446.410036
2016324.216794,-5072558.912512,2043618.019111
-1804126.392377,4585161.322484,-1830721.532687
1514185.939743,-3894818.802879,1536192.045150
-1149705.048310,3020990.975121,-1168486.999940
726142.478718,-1993963.508703,740028.005289
-256500.499930,844510.603535,-264463.016640
-241422.625693,381491.738980,-239621.812036
749682.420214,-1640992.598309,754189.357433
-1246877.258086,2883594.762328,-1258448.706588
1714317.345463,-4059048.563240,1731622.537504
-2130524.885987,5117515.844177,-2154571.447427
2478173.649001,-6011999.377979,2506511.932555
-2739532.538186,6700689.845149,-2772840.131825
2902380.626607,-7149329.078449,2938951.917451
-2953923.664895,7325638.796323,-2990125.612291
2888035.451084,-7216356.954678,2927953.439102
-2705454.155362,6813638.359901,-2743137.473769
2408129.121716,-6123672.005807,2441577.828510
-2001949.379189,5160265.718113,-2032995.641877
1500381.103345,-3953643.528814,1524545.961133
-918281.338176,2541410.181479,-936353.029763
277559.101064,-971842.186694,287302.378894
