All calculations,WOO\400 kV B1,WOO\400 kV B1,WOO\400 kV B1
"Time in s","Phase Voltage A in kV","Phase Voltage B in kV","Phase Voltage C in kV"
0.000000,307.160737,-154.210455,-152.820286
0.000100,306.666113,-145.767184,-160.737772
0.000200,306.154115,-137.544841,-168.665127
0.000300,305.614911,-129.137864,-176.402945
0.000400,305.254861,-120.969756,-184.162624
0.000500,303.910422,-112.236201,-191.723697
0.000600,302.498496,-103.238317,-199.146012
0.000700,300.827312,-94.195381,-206.540975
0.000800,298.480856,-85.173903,-213.353870
0.000900,296.127485,-76.194239,-219.871985
0.001000,293.521819,-67.326324,-226.228305
0.001100,290.410951,-58.157206,-232.341607
0.001200,287.116605,-48.832349,-238.321211
0.001300,283.500107,-39.524236,-244.112869
0.001400,279.528864,-30.209785,-249.490896
0.001500,275.395672,-20.902748,-254.662847
0.001600,270.961723,-11.596592,-259.616043
0.001700,266.235319,-2.177882,-264.348713
0.001800,261.285329,7.273916,-268.887838
0.001900,256.052713,16.753227,-273.188923
0.002000,250.537923,26.263356,-277.185012
0.002100,244.800782,35.782474,-280.964601
0.002200,238.780820,45.322636,-284.505012
0.002300,232.494724,54.911950,-287.835261
0.002400,225.983372,64.482868,-290.920839
0.002500,219.264720,73.971060,-293.715327
0.002600,212.351253,83.372533,-296.198098
0.002700,205.250839,92.709536,-298.414011
0.002800,197.936230,101.987233,-300.361870
0.002900,190.429559,111.199590,-302.041016
0.003000,182.746524,120.301059,-303.436515
0.003100,174.898721,129.278689,-304.548051
0.003200,166.887141,138.151475,-305.377397
0.003300,158.716060,146.910514,-305.934412
0.003400,150.398849,155.546030,-306.208342
0.003500,141.942310,164.045361,-306.198832
0.003600,133.350471,172.391909,-305.902460
0.003700,124.626522,180.577621,-305.313822
0.003800,115.771625,188.593642,-304.430345
0.003900,106.796351,196.424402,-303.239591
0.004000,97.711261,204.059762,-301.742877
0.004100,88.518877,211.495164,-299.937356
0.004200,79.229100,218.719609,-297.826658
0.004300,69.851109,225.713819,-295.407623
0.004400,60.400432,232.466327,-292.676675
0.004500,50.886122,238.958804,-289.628644
0.004600,41.320161,245.190686,-286.267692
0.004700,31.702896,251.158890,-282.591282
0.004800,22.044238,256.856714,-278.609011
0.004900,12.351808,262.278823,-274.321895
0.005000,2.635193,267.420112,-269.741997
0.005100,-7.091862,272.271953,-264.868920
0.005200,-16.809234,276.824530,-259.711591
0.005300,-26.501143,281.064532,-254.268829
0.005400,-36.148292,284.987121,-248.551776
0.005500,-45.745023,288.589221,-242.569353
0.005600,-55.294098,291.887398,-236.333872
0.005700,-64.764751,294.856062,-229.854631
0.005800,-74.160575,297.496885,-223.126738
0.005900,-83.477264,299.823245,-216.162422
0.006000,-92.680910,301.815613,-208.978331
0.006100,-101.783792,303.486877,-201.569667
0.006200,-110.778500,304.849360,-193.962175
0.006300,-119.647058,305.892232,-186.161925
0.006400,-128.394866,306.627168,-178.174165
0.006500,-137.015812,307.062412,-170.013533
0.006600,-145.494818,307.194833,-161.686907
0.006700,-153.837166,307.031672,-153.198432
0.006800,-162.033470,306.579766,-144.563297
0.006900,-170.078091,305.839482,-135.789020
0.007000,-177.970225,304.820059,-126.887851
0.007100,-185.699381,303.525543,-117.870894
0.007200,-193.254027,301.953352,-108.748466
0.007300,-200.626861,300.108019,-99.527912
0.007400,-207.808131,297.990737,-90.222225
0.007500,-214.791832,295.603278,-80.839287
0.007600,-221.573491,292.950608,-71.388853
0.007700,-228.148597,290.036004,-61.882368
0.007800,-234.509597,286.863805,-52.328951
0.007900,-240.652169,283.439484,-42.739842
0.008000,-246.568246,279.766422,-33.126032
0.008100,-252.250141,275.847160,-23.496604
0.008200,-257.691935,271.683971,-13.863328
0.008300,-262.886625,267.281612,-4.236331
0.008400,-267.829092,262.642673,5.373695
0.008500,-272.514259,257.771778,14.957672
0.008600,-276.936213,252.671199,24.508070
0.008700,-281.089630,247.342207,34.016755
0.008800,-284.969001,241.787533,43.476401
0.008900,-288.569286,236.009541,52.877311
0.009000,-291.884004,230.010078,62.211451
0.009100,-294.907676,223.792265,71.469482
0.009200,-297.634287,217.357199,80.644032
0.009300,-300.057645,210.707045,89.728677
0.009400,-302.174491,203.842096,98.717882
0.009500,-303.980533,196.764235,107.607202
0.009600,-305.474360,189.474908,116.392205
0.009700,-306.655426,181.978765,125.067271
0.009800,-307.523420,174.280824,133.628399
0.009900,-308.078705,166.385953,142.069552
0.010000,-308.320622,158.299577,150.387273
0.010100,-308.248781,150.025876,158.576059
0.010200,-307.863505,141.569471,166.631566
0.010300,-307.165626,132.937546,174.548411
0.010400,-306.157766,124.136362,182.321701
0.010500,-304.842363,115.175733,189.945787
0.010600,-303.223611,106.065144,197.415012
0.010700,-301.304253,96.815666,204.722062
0.010800,-299.087842,87.438475,211.859592
0.010900,-296.577020,77.945370,218.817818
0.011000,-293.773828,68.348333,225.587907
0.011100,-290.684130,58.663128,232.159152
0.011200,-287.303688,48.899601,238.519207
0.011300,-283.639575,39.072592,244.660138
0.011400,-279.697376,29.197717,250.572725
0.011500,-275.474172,19.286375,256.243718
0.011600,-270.980507,9.353362,261.667273
0.011700,-266.221626,-0.584700,266.833418
0.011800,-261.200256,-10.514854,271.731295
0.011900,-255.925848,-20.421002,276.354001
0.012000,-250.404244,-30.288119,280.693553
0.012100,-244.640136,-40.103459,284.740807
0.012200,-238.642669,-49.853203,288.491926
0.012300,-232.418736,-59.524813,291.940547
0.012400,-225.975544,-69.107129,295.082619
0.012500,-219.322743,-78.587748,297.915391
0.012600,-212.468566,-87.955772,300.435512
0.012700,-205.420293,-97.200865,302.640142
0.012800,-198.186166,-106.314113,304.527859
0.012900,-190.771638,-115.287569,306.096127
0.013000,-183.181961,-124.115714,307.344132
0.013100,-175.422124,-132.792973,308.270806
0.013200,-167.496156,-141.314970,308.876300
0.013300,-159.408620,-149.678050,309.160434
0.013400,-151.164336,-157.878341,309.124753
0.013500,-142.768252,-165.912311,308.770105
0.013600,-134.225757,-173.777149,308.098549
0.013700,-125.542255,-181.469160,307.112076
0.013800,-116.723691,-188.985558,305.812993
0.013900,-107.775795,-196.322748,304.203827
0.014000,-98.705573,-203.477115,302.287767
0.014100,-89.520490,-210.444655,300.067966
0.014200,-80.228807,-217.221258,297.549167
0.014300,-70.840333,-223.802075,294.735746
0.014400,-61.365617,-230.182078,291.633590
0.014500,-51.816209,-236.355308,288.248114
0.014600,-42.204517,-242.315327,284.585454
0.014700,-32.543136,-248.055217,280.651348
0.014800,-22.844788,-253.568280,276.451718
0.014900,-13.121937,-258.847279,271.992253
0.015000,-3.386933,-263.886014,267.278828
0.015100,6.348501,-268.677961,262.317136
0.015200,16.072442,-273.217018,257.113297
0.015300,25.773401,-277.497311,251.672961
0.015400,35.440068,-281.512899,246.002312
0.015500,45.061141,-285.258153,240.106665
0.015600,54.626373,-288.727946,233.991858
0.015700,64.125932,-291.917384,227.662897
0.015800,73.550563,-294.822495,221.124959
0.015900,82.892177,-297.439433,214.382976
0.016000,92.142634,-299.765108,207.441880
0.016100,101.294297,-301.796374,200.306598
0.016200,110.339571,-303.530670,192.982373
0.016300,119.270686,-304.965225,185.474228
0.016400,128.079849,-306.097597,177.787723
0.016500,136.759448,-306.925555,169.928019
0.016600,145.301037,-307.446205,161.901026
0.016700,153.699064,-307.658756,153.711173
0.016800,161.945623,-307.561394,145.364569
0.016900,170.033403,-307.152767,136.867103
0.017000,177.957745,-306.433609,128.223966
0.017100,185.711284,-305.403319,119.442052
0.017200,193.287261,-304.062839,110.528627
0.017300,200.680351,-302.413698,101.490658
0.017400,207.883028,-300.457087,92.336712
0.017500,214.888467,-298.195117,83.075318
0.017600,221.690557,-295.630570,73.715469
0.017700,228.281973,-292.766247,64.266770
0.017800,234.656249,-289.605973,54.739487
0.017900,240.807278,-286.154186,45.144003
0.018000,246.728137,-282.415621,35.491727
0.018100,252.412402,-278.395476,25.794330
0.018200,257.853377,-274.099475,16.063931
0.018300,263.043837,-269.533042,6.313070
0.018400,267.976837,-264.702085,-3.445507
0.018500,272.645555,-259.612496,-13.199240
0.018600,277.043132,-254.270254,-22.935452
0.018700,281.163462,-248.681479,-32.642094
0.018800,285.000994,-242.852444,-42.307254
0.018900,288.550482,-236.789360,-51.919767
0.019000,291.807506,-230.498570,-61.468758
0.019100,294.768175,-223.986325,-70.944031
0.019200,297.428887,-217.258851,-80.335856
0.019300,299.786886,-210.322204,-89.635097
0.019400,301.839790,-203.182590,-98.833203
0.019500,303.585831,-195.845922,-107.922333
0.019600,305.023954,-188.318394,-116.895033
0.019700,306.153652,-180.606234,-125.744590
0.019800,306.975062,-172.715750,-134.464446
0.019900,307.488783,-164.653547,-143.048495
0.020000,307.695691,-156.426439,-151.490560
0.020050,2.271383,-156.644797,-158.686025
0.020118,2.285812,-150.877671,-164.029506
0.020218,2.336835,-142.037339,-171.809603
0.020318,1.925578,-133.744626,-179.832034
0.020418,1.843598,-124.712008,-187.273485
0.020518,1.519474,-115.897275,-194.310078
0.020618,0.230565,-110.718889,-203.104889
0.020718,-0.056588,-98.052743,-205.824371
0.020818,0.104393,-88.221913,-211.403952
0.020918,0.333176,-77.237579,-215.668771
0.021018,0.578357,-61.558141,-215.890067
0.021118,0.978278,-47.830149,-217.927178
0.021218,1.429852,-33.054522,-218.665872
0.021318,1.582172,-17.443512,-219.030776
0.021418,1.638009,-3.268709,-222.030552
0.021518,1.666975,9.084630,-222.533645
0.021618,1.636586,24.755312,-221.465017
0.021718,1.530511,41.596963,-220.390248
0.021818,1.474735,58.294894,-218.836933
0.021918,1.536625,73.157990,-219.348882
0.022018,1.654897,84.903690,-221.304417
0.022118,1.785846,94.521103,-223.330787
0.022218,1.925461,105.077574,-225.652917
0.022318,2.059697,115.131890,-228.565416
0.022418,2.162777,124.218183,-231.382373
0.022518,2.218174,132.037242,-235.479326
0.022618,2.250361,138.044681,-240.356011
0.022718,2.264200,143.233286,-245.678438
0.022818,2.271391,148.902177,-251.033004
0.022918,2.282521,153.884732,-255.873725
0.023018,2.294485,159.501946,-259.622437
0.023118,2.297721,166.228050,-263.065798
0.023218,2.304028,172.252335,-266.460682
0.023318,2.330809,176.694949,-270.913345
0.023418,2.375354,179.779155,-275.982633
0.023518,2.418250,182.329956,-280.692680
0.023618,2.443568,186.323342,-284.102423
0.023718,2.449785,192.093705,-286.374054
0.023818,2.441092,198.500981,-287.742058
0.023918,2.425147,204.810023,-289.068699
0.024018,2.408522,210.552818,-290.486599
0.024118,2.402482,215.485136,-292.075128
0.024218,2.410213,219.981572,-293.534151
0.024318,2.430575,223.969067,-294.596782
0.024418,2.450048,227.758622,-294.876685
0.024518,2.459689,231.945549,-294.489941
0.024618,2.457242,236.205414,-293.577798
0.024718,2.452839,239.829752,-292.587420
0.024818,2.448066,242.776867,-291.412716
0.024918,2.441135,245.441307,-289.570857
0.025018,2.424391,248.517580,-286.520759
0.025118,2.399454,252.279740,-282.270628
0.025218,2.366703,256.357318,-277.129027
0.025318,2.330518,260.417953,-271.538452
0.025418,2.288713,264.613674,-265.515219
0.025518,2.243383,269.200222,-258.877658
0.025618,2.192769,274.375587,-251.400156
0.025718,2.138606,280.114575,-243.048530
0.025818,2.077251,286.312126,-233.905729
0.025918,2.011118,292.809182,-224.282730
0.026018,1.943464,299.194769,-214.523441
0.026118,1.884055,304.837543,-204.997326
0.026218,1.835200,309.358151,-195.817295
0.026318,1.794691,312.912198,-186.780077
0.026418,1.752666,315.898409,-177.542749
0.026518,1.704154,318.561324,-167.991258
0.026618,1.645214,320.805640,-158.251327
0.026718,1.578157,322.352925,-148.586006
0.026818,1.504420,322.989881,-139.107112
0.026918,1.428875,322.710399,-129.794854
0.027018,1.353392,321.547311,-120.559611
0.027118,1.279753,319.599563,-111.368314
0.027218,1.204594,317.028522,-102.226269
0.027318,1.125734,314.005208,-93.224428
0.027418,1.041048,310.536548,-84.474147
0.027518,0.952783,306.535201,-76.118300
0.027618,0.862222,301.893047,-68.183209
0.027718,0.770525,296.740982,-60.549864
0.027818,0.676269,291.325898,-53.016276
0.027918,0.580360,285.782173,-45.515810
0.028018,0.484424,280.001246,-38.161140
0.028118,0.391810,273.794312,-31.184664
0.028218,0.304084,266.986593,-24.698026
0.028318,0.221845,259.619229,-18.631435
0.028418,0.143243,251.837022,-12.765544
0.028518,0.065931,243.792975,-6.873057
0.028618,-0.013359,235.590293,-0.800224
0.028718,-0.096314,227.269861,5.468390
0.028818,-0.182679,218.724625,11.876786
0.028918,-0.270034,209.838366,18.340987
0.029018,-0.356226,200.548878,24.862953
0.029118,-0.440877,190.963236,31.570213
0.029218,-0.525955,181.347556,38.665603
0.029318,-0.613889,171.964176,46.283748
0.029418,-0.705885,162.924041,54.419833
0.029518,-0.801521,154.252190,62.935775
0.029618,-0.898940,145.907155,71.685971
0.029718,-0.995835,137.868614,80.597042
0.029818,-1.089820,130.159079,89.654315
0.029918,-1.179300,122.777277,98.841028
0.030018,-1.263353,115.686652,108.098640
0.030118,-1.342265,108.847125,117.312482
0.030218,-1.416333,102.159805,126.364089
0.030318,-1.486408,95.511913,135.177264
0.030418,-1.553394,88.823675,143.746436
0.030518,-1.619253,82.052718,152.149222
0.030618,-1.685874,75.208560,160.498018
0.030718,-1.754999,68.304430,168.859820
0.030818,-1.826386,61.263028,177.216777
0.030918,-1.898985,53.975676,185.482720
0.031018,-1.970820,46.353155,193.572508
0.031118,-2.040969,38.364125,201.474106
0.031218,-2.109102,30.071406,209.240379
0.031318,-2.176499,21.598427,216.940927
0.031418,-2.244200,13.041650,224.610210
0.031518,-2.313421,4.488112,232.216697
0.031618,-2.383648,-4.037107,239.673673
0.031718,-2.453556,-12.569498,246.872262
0.031818,-2.520652,-21.144985,253.709022
0.031918,-2.583297,-29.775061,260.109137
0.032018,-2.640232,-38.460122,266.024115
0.032118,-2.691715,-47.167470,271.397767
0.032218,-2.737832,-55.917067,276.148383
0.032318,-2.779199,-64.772538,280.176639
0.032418,-2.815769,-73.811163,283.398334
0.032518,-2.847993,-83.106275,285.786767
0.032618,-2.875889,-92.717176,287.380381
0.032718,-2.900174,-102.656015,288.250197
0.032818,-2.921089,-112.943414,288.473808
0.032918,-2.939408,-123.573019,288.120637
0.033018,-2.955384,-134.510531,287.257347
0.033118,-2.969728,-145.692598,285.976040
0.033218,-2.982846,-157.010399,284.405979
0.033318,-2.995884,-168.292875,282.704157
0.033418,-3.009573,-179.364301,281.032164
0.033518,-3.024724,-190.044187,279.511102
0.033618,-3.040829,-200.198813,278.185661
0.033718,-3.056755,-209.759485,277.030687
0.033818,-3.070321,-218.691766,275.974247
0.033918,-3.079750,-226.969776,274.940674
0.034018,-3.083458,-234.581041,273.875434
0.034118,-3.081143,-241.499060,272.740171
0.034218,-3.072904,-247.719944,271.490589
0.034318,-3.059554,-253.279378,270.073328
0.034418,-3.041543,-258.239263,268.418806
0.034518,-3.019300,-262.695590,266.465213
0.034618,-2.992591,-266.761747,264.173038
0.034718,-2.961410,-270.529149,261.534547
0.034818,-2.925607,-274.072140,258.564652
0.034918,-2.885606,-277.444404,255.296284
0.035018,-2.841863,-280.669297,251.753774
0.035118,-2.795259,-283.767683,247.963411
0.035218,-2.746556,-286.742581,243.955436
0.035318,-2.696866,-289.568446,239.780430
0.035418,-2.647040,-292.204553,235.504597
0.035518,-2.597979,-294.596687,231.201472
0.035618,-2.550011,-296.679447,226.916055
0.035718,-2.503146,-298.410101,222.662620
0.035818,-2.456731,-299.750855,218.414446
0.035918,-2.410020,-300.671719,214.124348
0.036018,-2.362034,-301.153159,209.737297
0.036118,-2.312193,-301.174157,205.207668
0.036218,-2.260034,-300.716137,200.488435
0.036318,-2.205390,-299.791775,195.534983
0.036418,-2.147870,-298.436368,190.284659
0.036518,-2.086983,-296.723857,184.664246
0.036618,-2.021865,-294.760734,178.597726
0.036718,-1.951841,-292.656888,172.027321
0.036818,-1.876441,-290.512495,164.922239
0.036918,-1.795865,-288.414822,157.288834
0.037018,-1.710801,-286.418464,149.154713
0.037118,-1.622489,-284.559869,140.565813
0.037218,-1.532203,-282.861668,131.575701
0.037318,-1.441262,-281.319122,122.245954
0.037418,-1.350584,-279.912864,112.643605
0.037518,-1.260843,-278.602941,102.842033
0.037618,-1.172287,-277.322923,92.908084
0.037718,-1.084964,-275.994084,82.898163
0.037818,-0.998610,-274.530293,72.850548
0.037918,-0.912941,-272.833123,62.785920
0.038018,-0.827548,-270.813168,52.717648
0.038118,-0.742219,-268.378816,42.662487
0.038218,-0.656795,-265.444585,32.644120
0.038318,-0.571275,-261.942577,22.693426
0.038418,-0.485542,-257.829336,12.838563
0.038518,-0.399401,-253.084250,3.094739
0.038618,-0.312357,-247.727259,-6.534246
0.038718,-0.223872,-241.794432,-16.053699
0.038818,-0.133386,-235.340671,-25.468439
0.038918,-0.040642,-228.429138,-34.774990
0.039018,0.054309,-221.124451,-43.960703
0.039118,0.150991,-213.487697,-53.009385
0.039218,0.248775,-205.590197,-61.902987
0.039318,0.346914,-197.493864,-70.629763
0.039418,0.444826,-189.262468,-79.181477
0.039518,0.542033,-180.947664,-87.550218
0.039618,0.638226,-172.581532,-95.726422
0.039718,0.733104,-164.172268,-103.700279
0.039818,0.826419,-155.711703,-111.462611
0.039918,0.917846,-147.165401,-119.012879
0.040018,1.007117,-138.494200,-126.357546
0.040118,1.093973,-129.651878,-133.508950
0.040218,1.178291,-120.592154,-140.482948
0.040318,1.260058,-111.277341,-147.296010
0.040418,1.339452,-101.684434,-153.964751
0.040518,1.416759,-91.802164,-160.510067
0.040618,1.492415,-81.645469,-166.955654
0.040718,1.566846,-71.246225,-173.326187
0.040818,1.640415,-60.651569,-179.642909
0.040918,1.713279,-49.922921,-185.914456
0.041018,1.785360,-39.125995,-192.133683
0.041118,1.856321,-28.326527,-198.278494
0.041218,1.925728,-17.594532,-204.316420
0.041318,1.993138,-6.995797,-210.212729
0.041418,2.058268,3.408689,-215.938730
0.041518,2.121025,13.562711,-221.471902
0.041618,2.181494,23.427774,-226.798869
0.041718,2.239822,32.982622,-231.912106
0.041818,2.296139,42.224036,-236.809344
0.041918,2.350447,51.169259,-241.493254
0.042018,2.402643,59.849076,-245.973592
0.042118,2.452537,68.298917,-250.263836
0.042218,2.499929,76.561787,-254.383050
0.042318,2.544661,84.677148,-258.349525
0.042418,2.586668,92.681675,-262.179464
0.042518,2.625947,100.609357,-265.883814
0.042618,2.662562,108.487758,-269.468530
0.042718,2.696594,116.334939,-272.931804
0.042818,2.728104,124.165247,-276.265961
0.042918,2.757093,131.980834,-279.451942
0.043018,2.783497,139.777831,-282.459544
0.043118,2.807172,147.546437,-285.245867
0.043218,2.827948,155.269693,-287.758278
0.043318,2.845661,162.925617,-289.937695
0.043418,2.860211,170.492160,-291.726566
0.043518,2.871577,177.943271,-293.070832
0.043618,2.879810,185.258515,-293.925086
0.043718,2.884975,192.423826,-294.253096
0.043818,2.887119,199.431756,-294.028959
0.043918,2.886219,206.284268,-293.238499
0.044018,2.882218,212.990155,-291.883078
0.044118,2.875056,219.558105,-289.980303
0.044218,2.864748,225.998320,-287.566902
0.044318,2.851413,232.316709,-284.696630
0.044418,2.835305,238.512873,-281.435910
0.044518,2.816740,244.583529,-277.858673
0.044618,2.796052,250.519391,-274.039884
0.044718,2.773499,256.304821,-270.048602
0.044818,2.749210,261.920878,-265.943815
0.044918,2.723155,267.342231,-261.769552
0.045018,2.695167,272.537709,-257.551212
0.045118,2.664962,277.474972,-253.295064
0.045218,2.632217,282.118090,-248.987904
0.045318,2.596605,286.432241,-244.600082
0.045418,2.557858,290.387051,-240.090795
0.045518,2.515783,293.956293,-235.413305
0.045618,2.470279,297.120786,-230.519766
0.045718,2.421302,299.871809,-225.366378
0.045818,2.368865,302.207386,-219.915046
0.045918,2.313000,304.135472,-214.136395
0.046018,2.253768,305.671387,-208.012173
0.046118,2.191275,306.833781,-201.537250
0.046218,2.125703,307.643649,-194.721515
0.046318,2.057329,308.122465,-187.591195
0.046418,1.986542,308.287559,-180.186367
0.046518,1.913798,308.155073,-172.558694
0.046618,1.839585,307.737337,-164.766714
0.046718,1.764352,307.041567,-156.870723
0.046818,1.688471,306.070900,-148.928728
0.046918,1.612198,304.822259,-140.993035
0.047018,1.535684,303.284428,-133.106527
0.047118,1.458972,301.441421,-125.301054
0.047218,1.382031,299.271518,-117.595082
0.047318,1.304764,296.750168,-109.992135
0.047418,1.227017,293.855019,-102.481089
0.047518,1.148578,290.567175,-95.036757
0.047618,1.069188,286.874470,-87.621573
0.047718,0.988541,282.775399,-80.189004
0.047818,0.906312,278.278288,-72.686417
0.047918,0.822185,273.402584,-65.058963
0.048018,0.735901,268.179589,-57.254438
0.048118,0.647299,262.648748,-49.227337
0.048218,0.556367,256.856749,-40.943613
0.048318,0.463254,250.855250,-32.384556
0.048418,0.368283,244.695963,-23.548471
0.048518,0.271912,238.428916,-14.450867
0.048618,0.174686,232.099554,-5.122922
0.048718,0.077175,225.743928,4.392273
0.048818,-0.020079,219.387911,14.043072
0.048918,-0.116615,213.044114,23.773094
0.049018,-0.212051,206.709460,33.524799
0.049118,-0.306105,200.366823,43.242016
0.049218,-0.398569,193.985527,52.872662
0.049318,-0.489312,187.523243,62.371529
0.049418,-0.578273,180.931976,71.701636
0.049518,-0.665472,174.161326,80.835833
0.049618,-0.751007,167.162533,89.757808
0.049718,-0.835063,159.893944,98.461521
0.049818,-0.917892,152.322788,106.950558
0.049918,-0.999796,144.427758,115.236730
0.050018,-1.081086,136.201985,123.337605
0.050118,-1.162054,127.652448,131.274316
0.050218,-1.242926,118.800145,139.069112
0.050318,-1.323854,109.680092,146.742266
0.050418,-1.404883,100.337618,154.310121
0.050518,-1.485962,90.826341,161.783234
0.050618,-1.566945,81.205059,169.165108
0.050718,-1.647611,71.532444,176.452119
0.050818,-1.727672,61.863571,183.633807
0.050918,-1.806796,52.246310,190.693070
0.051018,-1.884606,42.716442,197.607407
0.051118,-1.960701,33.296508,204.349678
0.051218,-2.034659,23.994474,210.889484
0.051318,-2.106068,14.803147,217.195370
0.051418,-2.174545,5.702853,223.237119
0.051518,-2.239779,-3.336084,228.988041
0.051618,-2.301549,-12.350832,234.427513
0.051718,-2.359754,-21.381030,239.542047
0.051818,-2.414410,-30.465686,244.325776
0.051918,-2.465636,-39.639978,248.780159
0.052018,-2.513629,-48.930779,252.912493
0.052118,-2.558630,-58.354534,256.734213
0.052218,-2.600888,-67.915171,260.259258
0.052318,-2.640648,-77.601844,263.502020
0.052418,-2.678120,-87.389574,266.476018
0.052518,-2.713481,-97.240327,269.193063
0.052618,-2.746872,-107.104271,271.662461
0.052718,-2.778394,-116.924034,273.891213
0.052818,-2.808106,-126.637981,275.884363
0.052918,-2.836025,-136.183834,277.645312
0.053018,-2.862112,-145.503309,279.176416
0.053118,-2.886271,-154.545342,280.479439
0.053218,-2.908347,-163.268233,281.555505
0.053318,-2.928130,-171.642698,282.405650
0.053418,-2.945371,-179.651973,283.030869
0.053518,-2.959802,-187.291994,283.432312
0.053618,-2.971160,-194.571161,283.611517
0.053718,-2.979210,-201.508509,283.570279
0.053818,-2.983759,-208.131451,283.310000
0.053918,-2.984672,-214.474217,282.831308
0.054018,-2.981865,-220.573893,282.132939
0.054118,-2.975315,-226.467865,281.211054
0.054218,-2.965042,-232.190876,280.058874
0.054318,-2.951123,-237.771477,278.666566
0.054418,-2.933678,-243.229933,277.021471
0.054518,-2.912873,-248.577196,275.109036
0.054618,-2.888911,-253.813083,272.913423
0.054718,-2.862023,-258.927221,270.418573
0.054818,-2.832449,-263.900203,267.609353
0.054918,-2.800420,-268.704775,264.472511
0.055018,-2.766137,-273.308450,260.997724
0.055118,-2.729763,-277.675914,257.178694
0.055218,-2.691407,-281.770862,253.013820
0.055318,-2.651131,-285.559174,248.507036
0.055418,-2.608953,-289.010955,243.668402
0.055518,-2.564859,-292.102071,238.514125
0.055618,-2.518812,-294.816223,233.066439
0.055718,-2.470768,-297.145427,227.352732
0.055818,-2.420674,-299.090056,221.403977
0.055918,-2.368475,-300.658938,215.252791
0.056018,-2.314109,-301.867946,208.931050
0.056118,-2.257508,-302.738186,202.467243
0.056218,-2.198594,-303.294548,195.884456
0.056318,-2.137290,-303.562834,189.198536
0.056418,-2.073526,-303.567764,182.417130
0.056518,-2.007250,-303.331316,175.539539
0.056618,-1.938440,-302.870887,168.557252
0.056718,-1.867117,-302.198353,161.454988
0.056818,-1.793337,-301.320037,154.212605
0.056918,-1.717202,-300.236052,146.806998
0.057018,-1.638848,-298.941147,139.214563
0.057118,-1.558440,-297.425440,131.413705
0.057218,-1.476167,-295.675106,123.387253
0.057318,-1.392240,-293.673778,115.124584
0.057418,-1.306879,-291.404086,106.623537
0.057518,-1.220316,-288.848519,97.891363
0.057618,-1.132785,-285.991313,88.945300
0.057718,-1.044513,-282.819405,79.812195
0.057818,-0.955713,-279.323115,70.527354
0.057918,-0.866570,-275.496946,61.132731
0.058018,-0.777236,-271.339637,51.674666
0.058118,-0.687823,-266.853623,42.201053
0.058218,-0.598397,-262.044982,32.758698
0.058318,-0.508983,-256.922406,23.390619
0.058418,-0.419574,-251.496367,14.133658
0.058518,-0.330131,-245.778679,5.016615
0.058618,-0.240598,-239.781624,-3.941189
0.058718,-0.150909,-233.517392,-12.730931
0.058818,-0.060993,-226.998190,-21.354355
0.058918,0.029220,-220.235840,-29.823406
0.059018,0.119791,-213.241688,-38.159263
0.059118,0.210765,-206.027053,-46.390264
0.059218,0.302160,-198.603151,-54.549416
0.059318,0.393958,-190.981278,-62.671639
0.059418,0.486094,-183.173160,-70.790472
0.059518,0.578447,-175.191123,-78.934817
0.059618,0.670842,-167.048382,-87.126209
0.059718,0.763053,-158.759166,-95.376577
0.059818,0.854811,-150.338149,-103.686977
0.059918,0.945818,-141.800245,-112.047127
0.060018,1.035768,-133.160005,-120.435731
0.060118,1.124361,-124.430818,-128.821730
0.060218,1.211321,-115.624376,-137.166261
0.060318,1.296407,-106.750070,-145.425076
0.060418,1.379422,-97.814276,-153.551474
0.060518,1.460222,-88.820510,-161.499187
0.060618,1.538717,-79.769395,-169.225246
0.060718,1.614869,-70.659074,-176.692605
0.060818,1.688697,-61.486089,-183.872281
0.060918,1.760265,-52.246189,-190.744916
0.061018,1.829677,-42.935213,-197.301700
0.061118,1.897070,-33.550452,-203.544328
0.061218,1.962596,-24.091463,-209.484243
0.061318,2.026411,-14.561067,-215.141135
0.061418,2.088655,-4.966224,-220.540810
0.061518,2.149443,4.681683,-225.712721
0.061618,2.208850,14.366702,-230.687355
0.061718,2.266903,24.068379,-235.493534
0.061818,2.323577,33.762633,-240.156038
0.061918,2.378795,43.422665,-244.693549
0.062018,2.432430,53.020238,-249.117018
0.062118,2.484306,62.527427,-253.428682
0.062218,2.534212,71.918125,-257.621627
0.062318,2.581900,81.169521,-261.679966
0.062418,2.627105,90.263619,-265.579746
0.062518,2.669553,99.188059,-269.290382
0.062618,2.708980,107.936725,-272.776593
0.062718,2.745142,116.510023,-276.000777
0.062818,2.777837,124.914387,-278.925492
0.062918,2.806916,133.161542,-281.515928
0.063018,2.832292,141.267416,-283.742198
0.063118,2.853947,149.250430,-285.581119
0.063218,2.871928,157.129758,-287.017443
0.063318,2.886345,164.923469,-288.044496
0.063418,2.897357,172.646398,-288.664071
0.063518,2.905160,180.308477,-288.885805
0.063618,2.909970,187.913256,-288.726069
0.063718,2.912012,195.456722,-288.206474
0.063818,2.911501,202.926900,-287.352184
0.063918,2.908630,210.303965,-286.190176
0.064018,2.903562,217.560804,-284.747440
0.064118,2.896413,224.664401,-283.049395
0.064218,2.887254,231.577577,-281.118483
0.064318,2.876096,238.260986,-278.973054
0.064418,2.862899,244.675373,-276.626676
0.064518,2.847568,250.783911,-274.087771
0.064618,2.829962,256.554332,-271.359650
0.064718,2.809907,261.960697,-268.440946
0.064818,2.787207,266.984743,-265.326220
0.064918,2.761660,271.616962,-262.006861
0.065018,2.733072,275.857016,-258.472124
0.065118,2.701269,279.713329,-254.710123
0.065218,2.666119,283.202146,-250.708806
0.065318,2.627530,286.346066,-246.456876
0.065418,2.585467,289.172034,-241.944558
0.065518,2.539952,291.709195,-237.164296
0.065618,2.491068,293.986569,-232.111319
0.065718,2.438953,296.030612,-226.784001
0.065818,2.383800,297.863143,-221.184095
0.065918,2.325843,299.499630,-215.316795
0.066018,2.265349,300.947880,-209.190574
0.066118,2.202602,302.207494,-202.816881
0.066218,2.137887,303.269864,-196.209699
0.066318,2.071473,304.118678,-189.384944
0.066418,2.003602,304.731174,-182.359870
0.066518,1.934475,305.079792,-175.152474
0.066618,1.864242,305.134169,-167.780915
0.066718,1.793002,304.863517,-160.263036
0.066818,1.720800,304.238939,-152.615939
0.066918,1.647632,303.235590,-144.855566
0.067018,1.573451,301.834730,-136.996366
0.067118,1.498173,300.025184,-129.050962
0.067218,1.421690,297.804304,-121.029835
0.067318,1.343879,295.178380,-112.941084
0.067418,1.264613,292.162280,-104.790227
0.067518,1.183777,288.778512,-96.580092
0.067618,1.101273,285.055842,-88.310890
0.067718,1.017037,281.027361,-79.980401
0.067818,0.931047,276.728368,-71.584329
0.067918,0.843327,272.194175,-63.116851
0.068018,0.753953,267.457840,-54.571265
0.068118,0.663055,262.548209,-45.940767
0.068218,0.570811,257.488304,-37.219318
0.068318,0.477442,252.294049,-28.402515
0.068418,0.383205,246.973643,-19.488476
0.068518,0.288380,241.527480,-10.478664
0.068618,0.193259,235.948540,-1.378548
0.068718,0.098135,230.223386,7.801965
0.068818,0.003286,224.333668,17.048212
0.068918,-0.091032,218.257865,26.340837
0.069018,-0.184602,211.973147,35.656340
0.069118,-0.277248,205.457445,44.967655
0.069218,-0.368845,198.691369,54.245102
0.069318,-0.459321,191.659696,63.457827
0.069418,-0.548654,184.352620,72.575119
0.069518,-0.636871,176.766778,81.567647
0.069618,-0.724036,168.905738,90.408843
0.069718,-0.810242,160.779915,99.076124
0.069818,-0.895599,152.406058,107.551922
0.069918,-0.980220,143.806356,115.824455
0.070018,-1.064209,135.007282,123.888056
0.070118,-1.147649,126.038273,131.743145
0.070218,-1.230594,116.930239,139.395861
0.070318,-1.313058,107.713974,146.857313
0.070418,-1.395012,98.418688,154.142478
0.070518,-1.476381,89.070734,161.268798
0.070618,-1.557040,79.692580,168.254524
0.070718,-1.636823,70.302155,175.116950
0.070818,-1.715520,60.912536,181.870674
0.070918,-1.792894,51.531897,188.526042
0.071018,-1.868682,42.163854,195.087864
0.071118,-1.942613,32.808068,201.554514
0.071218,-2.014421,23.461048,207.917486
0.071318,-2.083855,14.117169,214.161460
0.071418,-2.150692,4.769717,220.264889
0.071518,-2.214749,-4.588107,226.201077
0.071618,-2.275887,-13.962147,231.939634
0.071718,-2.334021,-23.356401,237.448236
0.071818,-2.389116,-32.772281,242.694571
0.071918,-2.441187,-42.208026,247.648320
0.072018,-2.490298,-51.658386,252.283058
0.072118,-2.536548,-61.114552,256.577922
0.072218,-2.580068,-70.564233,260.518888
0.072318,-2.621004,-79.992005,264.099585
0.072418,-2.659508,-89.379795,267.321579
0.072518,-2.695723,-98.707465,270.194069
0.072618,-2.729776,-107.953521,272.733063
0.072718,-2.761761,-117.095856,274.960064
0.072818,-2.791735,-126.112448,276.900370
0.072918,-2.819713,-134.982101,278.581130
0.073018,-2.845663,-143.685085,280.029292
0.073118,-2.869511,-152.203681,281.269569
0.073218,-2.891141,-160.522666,282.322597
0.073318,-2.910402,-168.629640,283.203377
0.073418,-2.927118,-176.515209,283.920119
0.073518,-2.941099,-184.173075,284.473573
0.073618,-2.952146,-191.599937,284.856883
0.073718,-2.960071,-198.795258,285.055982
0.073818,-2.964699,-205.760953,285.050513
0.073918,-2.965885,-212.500917,284.815208
0.074018,-2.963522,-219.020499,284.321628
0.074118,-2.957544,-225.325896,283.540157
0.074218,-2.947935,-231.423570,282.442074
0.074318,-2.934729,-237.319642,281.001586
0.074418,-2.918008,-243.019182,279.197667
0.074518,-2.897898,-248.525735,277.015522
0.074618,-2.874560,-253.840894,274.447664
0.074718,-2.848186,-258.963677,271.494458
0.074818,-2.818981,-263.890214,268.164078
0.074918,-2.787157,-268.613769,264.472049
0.075018,-2.752916,-273.124737,260.440293
0.075118,-2.716443,-277.410789,256.095728
0.075218,-2.677895,-281.457230,251.468616
0.075318,-2.637393,-285.247430,246.590697
0.075418,-2.595017,-288.763527,241.493296
0.075518,-2.550804,-291.987278,236.205558
0.075618,-2.504749,-294.900898,230.752864
0.075718,-2.456806,-297.487925,225.155546
0.075818,-2.406895,-299.734073,219.428020
0.075918,-2.354912,-301.627973,213.578338
0.076018,-2.300736,-303.161838,207.608214
0.076118,-2.244242,-304.331966,201.513493
0.076218,-2.185313,-305.138992,195.284998
0.076318,-2.123848,-305.587879,188.909692
0.076418,-2.059773,-305.687677,182.372077
0.076518,-1.993051,-305.450981,175.655715
0.076618,-1.923688,-304.893206,168.744774
0.076718,-1.851730,-304.031666,161.625521
0.076818,-1.777275,-302.884466,154.287624
0.076918,-1.700462,-301.469338,146.725221
0.077018,-1.621471,-299.802505,138.937690
0.077118,-1.540517,-297.897605,130.930065
0.077218,-1.457840,-295.764825,122.713097
0.077318,-1.373694,-293.410236,114.302953
0.077418,-1.288339,-290.835399,105.720558
0.077518,-1.202026,-288.037299,96.990667
0.077618,-1.114989,-285.008604,88.140711
0.077718,-1.027434,-281.738244,79.199514
0.077818,-0.939531,-278.212289,70.195963
0.077918,-0.851410,-274.415068,61.157729
0.078018,-0.763156,-270.330439,52.110100
0.078118,-0.674814,-265.943171,43.075018
0.078218,-0.586384,-261.240298,34.070353
0.078318,-0.497834,-256.212369,25.109432
0.078418,-0.409106,-250.854505,16.200892
0.078518,-0.320120,-245.167166,7.348801
0.078618,-0.230793,-239.156583,-1.446961
0.078718,-0.141043,-232.834767,-10.190136
0.078818,-0.050800,-226.219253,-18.887192
0.078918,0.039979,-219.332436,-27.546367
0.079018,0.131308,-212.200419,-36.176790
0.079118,0.223160,-204.851829,-44.787328
0.079218,0.315470,-197.316439,-53.385532
0.079318,0.408125,-189.623448,-61.976972
0.079418,0.500972,-181.799924,-70.564463
0.079518,0.593819,-173.869631,-79.147322
0.079618,0.686440,-165.851882,-87.721041
0.079718,0.778588,-157.760686,-96.277152
0.079818,0.869999,-149.604272,-104.803298
0.079918,0.960407,-141.384953,-113.283579
0.080018,1.049556,-133.099545,-121.698944
0.080118,1.137206,-124.740209,-130.027776
0.080218,1.223147,-116.295537,-138.246686
0.080318,1.307208,-107.751880,-146.331396
0.080418,1.389260,-99.094833,-154.257694
0.080518,1.469221,-90.310757,-162.002421
0.080618,1.547056,-81.388288,-169.544354
0.080718,1.622777,-72.319716,-176.865005
0.080818,1.696432,-63.102079,-183.949290
0.080918,1.768105,-53.737934,-190.786022
0.081018,1.837900,-44.235760,-197.368198
0.081118,1.905929,-34.609949,-203.693052
0.081218,1.972308,-24.880442,-209.761852
0.081318,2.037136,-15.071982,-215.579496
0.081418,2.100489,-5.213017,-221.153910
0.081518,2.162411,4.665650,-226.495284
0.081618,2.222907,14.532352,-231.615171
0.081718,2.281934,24.356094,-236.525488
0.081818,2.339409,34.108019,-241.237481
0.081918,2.395202,43.762722,-245.760726
0.082018,2.449143,53.299347,-250.102227
0.082118,2.501033,62.702362,-254.265650
0.082218,2.550649,71.961968,-258.250765
0.082318,2.597755,81.074133,-262.053118
0.082418,2.642120,90.040218,-265.663968
0.082518,2.683521,98.866267,-269.070511
0.082618,2.721764,107.561984,-272.256370
0.082718,2.756686,116.139477,-275.202351
0.082818,2.788169,124.611851,-277.887391
0.082918,2.816145,132.991768,-280.289688
0.083018,2.840594,141.290035,-282.387912
0.083118,2.861550,149.514354,-284.162444
0.083218,2.879093,157.668295,-285.596542
0.083318,2.893343,165.750548,-286.677386
0.083418,2.904453,173.754535,-287.396891
0.083518,2.912596,181.668373,-287.752268
0.083618,2.917954,189.475183,-287.746243
0.083718,2.920706,197.153749,-287.386955
0.083818,2.921014,204.679445,-286.687492
0.083918,2.919011,212.025382,-285.665117
0.084018,2.914799,219.163693,-284.340214
0.084118,2.908434,226.066837,-282.735041
0.084218,2.899928,232.708965,-280.872330
0.084318,2.889245,239.067135,-278.773885
0.084418,2.876309,245.122196,-276.459253
0.084518,2.861005,250.859670,-273.944497
0.084618,2.843188,256.270283,-271.241257
0.084718,2.822699,261.349892,-268.356092
0.084818,2.799370,266.099303,-265.290103
0.084918,2.773041,270.523977,-262.039041
0.085018,2.743567,274.633262,-258.593757
0.085118,2.710836,278.439432,-254.940969
0.085218,2.674771,281.956588,-251.064360
0.085318,2.635342,285.199409,-246.945869
0.085418,2.592569,288.182046,-242.567150
0.085518,2.546521,290.917108,-237.911101
0.085618,2.497317,293.414713,-232.963320
0.085718,2.445119,295.681744,-227.713388
0.085818,2.390124,297.721322,-222.155921
0.085918,2.332557,299.532533,-216.291288
0.086018,2.272657,301.110464,-210.125968
0.086118,2.210667,302.446517,-203.672518
0.086218,2.146819,303.528927,-196.949129
0.086318,2.081327,304.343487,-189.978820
0.086418,2.014372,304.874421,-182.788320
0.086518,1.946101,305.105350,-175.406714
0.086618,1.876615,305.020330,-167.863934
0.086718,1.805971,304.604849,-160.189223
0.086818,1.734183,303.846718,-152.409635
0.086918,1.661223,302.736833,-144.548701
0.087018,1.587031,301.269742,-136.625349
0.087118,1.511522,299.444033,-128.653145
0.087218,1.434596,297.262487,-120.639920
0.087318,1.356151,294.731999,-112.587791
0.087418,1.276095,291.863255,-104.493572
0.087518,1.194352,288.670217,-96.349540
0.087618,1.110878,285.169426,-88.144518
0.087718,1.025665,281.379180,-79.865180
0.087818,0.938750,277.318623,-71.497500
0.087918,0.850211,273.006800,-63.028246
0.088018,0.760175,268.461739,-54.446404
0.088118,0.668808,263.699606,-45.744467
0.088218,0.576315,258.733991,-36.919469
0.088318,0.482928,253.575352,-27.973721
0.088418,0.388901,248.230668,-18.915208
0.088518,0.294494,242.703297,-9.757605
0.088618,0.199969,236.993075,-0.519922
0.088718,0.105573,231.096575,8.774252
0.088818,0.011532,225.007709,18.097658
0.088918,-0.081960,218.718466,27.420564
0.089018,-0.174745,212.219611,36.712281
0.089118,-0.266704,205.501711,45.942449
0.089218,-0.357763,198.556181,55.082353
0.089318,-0.447889,191.376001,64.106412
0.089418,-0.537085,183.956540,72.993201
0.089518,-0.625385,176.296438,81.726055
0.089618,-0.712846,168.398140,90.293589
0.089718,-0.799542,160.268185,98.689849
0.089818,-0.885547,151.917261,106.914107
0.089918,-0.970931,143.359957,114.970406
0.090018,-1.055748,134.614435,122.866670
0.090118,-1.140029,125.701913,130.613590
0.090218,-1.223772,116.645893,138.223445
0.090318,-1.306941,107.471253,145.708810
0.090418,-1.389460,98.203240,153.081300
0.090518,-1.471216,88.866431,160.350419
0.090618,-1.552059,79.483778,167.522522
0.090718,-1.631810,70.075764,174.600002
0.090818,-1.710261,60.659672,181.580783
0.090918,-1.787190,51.249059,188.458095
0.091018,-1.862367,41.853443,195.220577
0.091118,-1.935563,32.478256,201.852662
0.091218,-2.006564,23.125075,208.335199
0.091318,-2.075173,13.792103,214.646312
0.091418,-2.141224,4.474830,220.762452
0.091518,-2.204584,-4.833121,226.659525
0.091618,-2.265162,-14.139032,232.314057
0.091718,-2.322904,-23.450035,237.704315
0.091818,-2.377800,-32.772051,242.811287
0.091918,-2.429875,-42.108809,247.619524
0.092018,-2.479189,-51.461012,252.117761
0.092118,-2.525827,-60.825689,256.299287
0.092218,-2.569891,-70.195794,260.162052
0.092318,-2.611492,-79.560054,263.708494
0.092418,-2.650740,-88.903098,266.945113
0.092518,-2.687733,-98.205866,269.881817
0.092618,-2.722551,-107.446253,272.531087
0.092718,-2.755245,-116.599973,274.906998
0.092818,-2.785836,-125.641564,277.024177
0.092918,-2.814307,-134.545492,278.896745
0.093018,-2.840605,-143.287267,280.537306
0.093118,-2.864644,-151.844507,281.956061
0.093218,-2.886303,-160.197881,283.160070
0.093318,-2.905439,-168.331851,284.152730
0.093418,-2.921888,-176.235198,284.933486
0.093518,-2.935482,-183.901259,285.497799
0.093618,-2.946049,-191.327889,285.837371
0.093718,-2.953433,-198.517125,285.940604
0.093818,-2.957494,-205.474594,285.793288
0.093918,-2.958125,-212.208683,285.379448
0.094018,-2.955252,-218.729502,284.682335
0.094118,-2.948844,-225.047841,283.685454
0.094218,-2.938909,-231.174040,282.373633
0.094318,-2.925502,-237.116768,280.734032
0.094418,-2.908716,-242.882166,278.756996
0.094518,-2.888677,-248.473098,276.436793
0.094618,-2.865543,-253.888348,273.772099
0.094718,-2.839490,-259.122309,270.766182
0.094818,-2.810704,-264.165133,267.426928
0.094918,-2.779369,-269.002992,263.766577
0.095018,-2.745661,-273.618618,259.801163
0.095118,-2.709733,-277.992093,255.549761
0.095218,-2.671712,-282.101763,251.033537
0.095318,-2.631691,-285.925411,246.274672
0.095418,-2.589723,-289.441508,241.295290
0.095518,-2.545823,-292.630360,236.116353
0.095618,-2.499970,-295.475171,230.756630
0.095718,-2.452106,-297.962916,225.231825
0.095818,-2.402148,-300.084978,219.553896
0.095918,-2.349994,-301.837566,213.730611
0.096018,-2.295531,-303.221840,207.765405
0.096118,-2.238651,-304.243713,201.657493
0.096218,-2.179255,-304.913360,195.402271
0.096318,-2.117268,-305.244467,188.991970
0.096418,-2.052645,-305.253285,182.416538
0.096518,-1.985380,-304.957564,175.664676
0.096618,-1.915507,-304.375406,168.724987
0.096718,-1.843107,-303.524108,161.587132
0.096818,-1.768303,-302.419068,154.242936
0.096918,-1.691261,-301.072851,146.687379
0.097018,-1.612179,-299.494469,138.919399
0.097118,-1.531283,-297.688922,130.942463
0.097218,-1.448814,-295.657007,122.764852
0.097318,-1.365022,-293.395416,114.399650
0.097418,-1.280150,-290.897112,105.864422
0.097518,-1.194426,-288.151963,97.180609
0.097618,-1.108052,-285.147594,88.372683
0.097718,-1.021198,-281.870391,79.467099
0.097818,-0.933995,-278.306593,70.491126
0.097918,-0.846533,-274.443411,61.471624
0.098018,-0.758860,-270.270087,52.433845
0.098118,-0.670982,-265.778840,43.400348
0.098218,-0.582873,-260.965627,34.390082
0.098318,-0.494480,-255.830679,25.417694
0.098418,-0.405730,-250.378767,16.493154
0.098518,-0.316545,-244.619196,7.621661
0.098618,-0.226850,-238.565526,-1.196125
0.098718,-0.136583,-232.234976,-9.963620
0.098818,-0.045707,-225.647740,-18.687437
0.098918,0.045782,-218.826100,-27.376361
0.099018,0.137853,-211.793246,-36.040346
0.099118,0.230429,-204.572299,-44.689168
0.099218,0.323393,-197.185342,-53.331143
0.099318,0.416588,-189.652254,-61.972236
0.099418,0.509819,-181.989861,-70.615074
0.099518,0.602863,-174.211517,-79.258041
0.099618,0.695475,-166.326726,-87.894877
0.099718,0.787403,-158.341008,-96.514547
0.099818,0.878393,-150.256037,-105.101428
0.099918,0.968202,-142.069948,-113.635862
0.100018,1.056611,-133.778038,-122.094842
0.100118,1.143427,-125.373670,-130.452940
0.100218,1.228498,-116.849211,-138.683466
0.100318,1.311711,-108.197054,-146.759700
0.100418,1.392997,-99.410611,-154.656151
0.100518,1.472328,-90.485234,-162.349756
0.100618,1.549715,-81.419062,-169.820889
0.100718,1.625203,-72.213707,-177.054147
0.100818,1.698860,-62.874688,-184.038892
0.100918,1.770771,-53.411631,-190.769502
0.101018,1.841024,-43.838198,-197.245299
0.101118,1.909704,-34.171779,-203.470170
0.101218,1.976880,-24.432981,-209.451874
0.101318,2.042597,-14.644922,-215.201127
0.101418,2.106872,-4.832334,-220.730532
0.101518,2.169682,4.979424,-226.053393
0.101618,2.230970,14.765398,-231.182512
0.101718,2.290638,24.502020,-236.129025
0.101818,2.348554,34.167988,-240.901352
0.101918,2.404556,43.745016,-245.504360
0.102018,2.458457,53.218407,-249.938775
0.102118,2.510056,62.577397,-254.200873
0.102218,2.559149,71.815269,-258.282479
0.102318,2.605533,80.929196,-262.171254
0.102418,2.649023,89.919859,-265.851267
0.102518,2.689455,98.790842,-269.303805
0.102618,2.726698,107.547860,-272.508363
0.102718,2.760659,116.197853,-275.443762
0.102818,2.791281,124.748008,-278.089311
0.102918,2.818554,133.204782,-280.425945
0.103018,2.842505,141.572969,-282.437270
0.103118,2.863198,149.854885,-284.110442
0.103218,2.880727,158.049713,-285.436837
0.103318,2.895212,166.153046,-286.412453
0.103418,2.906784,174.156669,-287.038048
0.103518,2.915582,182.048577,-287.318987
0.103618,2.921739,189.813244,-287.264814
0.103718,2.925375,197.432112,-286.888586
0.103818,2.926590,204.884286,-286.206011
0.103918,2.925455,212.147370,-285.234435
0.104018,2.922008,219.198421,-283.991760
0.104118,2.916256,226.014894,-282.495356
0.104218,2.908169,232.575685,-280.761010
0.104318,2.897686,238.862045,-278.802031
0.104418,2.884719,244.858232,-276.628535
0.104518,2.869158,250.552230,-274.246916
0.104618,2.850881,255.936188,-271.659621
0.104718,2.829759,261.006334,-268.865161
0.104818,2.805672,265.762868,-265.858334
0.104918,2.778511,270.209772,-262.630787
0.105018,2.748190,274.354223,-259.171769
0.105118,2.714652,278.205828,-255.469011
0.105218,2.677873,281.775733,-251.509727
0.105318,2.637870,285.075575,-247.281647
0.105418,2.594697,288.116565,-242.774026
0.105518,2.548447,290.908622,-237.978612
0.105618,2.499248,293.459536,-232.890440
0.105718,2.447256,295.774306,-227.508432
0.105818,2.392650,297.854641,-221.835772
0.105918,2.335625,299.698688,-215.880030
0.106018,2.276379,301.301046,-209.653016
0.106118,2.215108,302.653020,-203.170416
0.106218,2.151995,303.743090,-196.451163
0.106318,2.087203,304.557569,-189.516646
0.106418,2.020870,305.081411,-182.389763
0.106518,1.953101,305.299135,-175.093903
0.106618,1.883968,305.195818,-167.651914
0.106718,1.813509,304.758064,-160.085108
0.106818,1.741728,303.974885,-152.412377
0.106918,1.668602,302.838433,-144.649453
0.107018,1.594085,301.344568,-136.808385
0.107118,1.518117,299.493214,-128.897255
0.107218,1.440629,297.288487,-120.920150
0.107318,1.361557,294.738561,-112.877394
0.107418,1.280846,291.855295,-104.766016
0.107518,1.198461,288.653637,-96.580433
0.107618,1.114396,285.150857,-88.313302
0.107718,1.028674,281.365640,-79.956494
0.107818,0.941357,277.317112,-71.502116
0.107918,0.852543,273.023847,-62.943537
0.108018,0.762369,268.502923,-54.276332
0.108118,0.671003,263.769089,-45.499100
0.108218,0.578643,258.834093,-36.614097
0.108318,0.485510,253.706219,-27.627631
0.108418,0.391837,248.390055,-18.550237
0.108518,0.297862,242.886504,-9.396569
0.108618,0.203818,237.193050,-0.185041
0.108718,0.109922,231.304209,9.062821
0.108818,0.016372,225.212292,18.323081
0.108918,-0.076664,218.908312,27.570317
0.109018,-0.169054,212.382799,36.778795
0.109118,-0.260700,205.626902,45.923406
0.109218,-0.351543,198.633459,54.980621
0.109318,-0.441561,191.397667,63.929646
0.109418,-0.530760,183.917806,72.753172
0.109518,-0.619174,176.195964,81.437754
0.109618,-0.706853,168.238351,89.974189
0.109718,-0.793858,160.055348,98.357599
0.109818,-0.880248,151.661303,106.587235
0.109918,-0.966072,143.074009,114.666097
0.110018,-1.051360,134.314135,122.600171
0.110118,-1.136120,125.404505,130.397501
0.110218,-1.220323,116.369170,138.067199
0.110318,-1.303910,107.232421,145.618371
0.110418,-1.386782,98.017774,153.059068
0.110518,-1.468805,88.747009,160.395323
0.110618,-1.549816,79.439371,167.630284
0.110718,-1.629621,70.110951,174.763533
0.110818,-1.708011,60.774233,181.790672
0.110918,-1.784763,51.437891,188.703177
0.111018,-1.859656,42.106809,195.488526
0.111118,-1.932475,32.782351,202.130598
0.111218,-2.003025,23.462893,208.610285
0.111318,-2.071135,14.144531,214.906320
0.111418,-2.136667,4.821913,220.996279
0.111518,-2.199521,-4.510844,226.857658
0.111618,-2.259637,-13.859206,232.468970
0.111718,-2.316992,-23.227281,237.810782
0.111818,-2.371603,-32.616952,242.866612
0.111918,-2.423518,-42.027175,247.623666
0.112018,-2.472811,-51.453470,252.073359
0.112118,-2.519573,-60.887639,256.211569
0.112218,-2.563906,-70.317730,260.038618
0.112318,-2.605907,-79.728236,263.558990
0.112418,-2.645667,-89.100533,266.780777
0.112518,-2.683255,-98.413516,269.714928
0.112618,-2.718715,-107.644403,272.374320
0.112718,-2.752062,-116.769650,274.772723
0.112818,-2.783273,-125.765908,276.923723
0.112918,-2.812294,-134.610985,278.839677
0.113018,-2.839034,-143.284729,280.530762
0.113118,-2.863375,-151.769783,282.004185
0.113218,-2.885177,-160.052176,283.263603
0.113318,-2.904283,-168.121685,284.308779
0.113418,-2.920529,-175.971981,285.135521
0.113518,-2.933756,-183.600516,285.735880
0.113618,-2.943815,-191.008189,286.098614
0.113718,-2.950580,-198.198794,286.209878
0.113818,-2.953953,-205.178291,286.054094
0.113918,-2.953871,-211.953955,285.614957
0.114018,-2.950307,-218.533447,284.876490
0.114118,-2.943278,-224.923840,283.824107
0.114218,-2.932836,-231.130789,282.445581
0.114318,-2.919072,-237.157764,280.731905
0.114418,-2.902105,-243.005312,278.677960
0.114518,-2.882080,-248.670747,276.282922
0.114618,-2.859154,-254.148011,273.550446
0.114718,-2.833492,-259.427483,270.488573
0.114818,-2.805256,-264.496243,267.109306
0.114918,-2.774598,-269.338716,263.428059
0.115018,-2.741646,-273.937316,259.462879
0.115118,-2.706505,-278.273245,255.233492
0.115218,-2.669249,-282.327391,250.760283
0.115318,-2.629917,-286.081184,246.063230
0.115418,-2.588516,-289.517584,241.160896
0.115518,-2.545023,-292.621981,236.069571
0.115618,-2.499388,-295.382905,230.802547
0.115718,-2.451537,-297.792558,225.369594
0.115818,-2.401387,-299.847124,219.776690
0.115918,-2.348848,-301.546825,214.025996
0.116018,-2.293834,-302.895793,208.116087
0.116118,-2.236274,-303.901717,202.042435
0.116218,-2.176117,-304.575261,195.798084
0.116318,-2.113339,-304.929312,189.374487
0.116418,-2.047950,-304.978111,182.762457
0.116518,-1.979998,-304.736314,175.953157
0.116618,-1.909565,-304.218083,168.939088
0.116718,-1.836771,-303.436220,161.714995
0.116818,-1.761768,-302.401389,154.278624
0.116918,-1.684733,-301.121494,146.631300
0.117018,-1.605867,-299.601253,138.778287
0.117118,-1.525381,-297.842002,130.728901
0.117218,-1.443489,-295.841744,122.496393
0.117318,-1.360402,-293.595412,114.097581
0.117418,-1.276314,-291.095336,105.552265
0.117518,-1.191403,-288.331899,96.882464
0.117618,-1.105815,-285.294320,88.111529
0.117718,-1.019669,-281.971535,79.263173
0.117818,-0.933049,-278.353106,70.360502
0.117918,-0.846008,-274.430107,61.425085
0.118018,-0.758565,-270.195917,52.476138
0.118118,-0.670716,-265.646897,43.529865
0.118218,-0.582436,-260.782883,34.598992
0.118318,-0.493684,-255.607477,25.692520
0.118418,-0.404416,-250.128111,16.815736
0.118518,-0.314591,-244.355883,7.970448
0.118618,-0.224178,-238.305173,-0.844559
0.118718,-0.133165,-231.993018,-9.632933
0.118818,-0.041565,-225.438451,-18.399878
0.118918,0.050577,-218.661701,-27.151239
0.119018,0.143186,-211.683158,-35.892714
0.119118,0.236153,-204.522580,-44.628815
0.119218,0.329337,-197.198342,-53.361957
0.119318,0.422568,-189.726501,-62.091978
0.119418,0.515652,-182.120185,-70.815573
0.119518,0.608377,-174.389398,-79.525792
0.119618,0.700525,-166.540839,-88.211993
0.119718,0.791872,-158.577932,-96.859999
0.119818,0.882207,-150.501071,-105.452475
0.119918,0.971329,-142.308003,-113.969584
0.120018,1.059064,-133.994525,-122.389653
0.120118,1.145262,-125.555353,-130.689987
0.120218,1.229809,-116.984972,-138.847829
0.120318,1.312623,-108.278515,-146.841292
0.120418,1.393657,-99.432587,-154.650295
0.120518,1.472896,-90.445999,-162.257382
0.120618,1.550354,-81.320405,-169.648359
0.120718,1.626065,-72.060780,-176.812728
0.120818,1.700081,-62.675664,-183.743922
0.120918,1.772459,-53.177188,-190.439308
0.121018,1.843256,-43.580866,-196.899951
0.121118,1.912521,-33.905187,-203.130156
0.121218,1.980284,-24.171048,-209.136780
0.121318,2.046554,-14.401039,-214.928424
0.121418,2.111312,-4.618592,-220.514529
0.121518,2.174507,5.152936,-225.904423
0.121618,2.236061,14.891156,-231.106403
0.121718,2.295860,24.575483,-236.126869
0.121818,2.353767,34.187836,-240.969583
0.121918,2.409622,43.713191,-245.635123
0.122018,2.463249,53.139967,-250.120543
0.122118,2.514467,62.460184,-254.419283
0.122218,2.563094,71.669410,-258.521305
0.122318,2.608957,80.766472,-262.413471
0.122418,2.651901,89.752975,-266.080120
0.122518,2.691795,98.632646,-269.503829
0.122618,2.728539,107.410547,-272.666299
0.122718,2.762067,116.092215,-275.549304
0.122818,2.792348,124.682765,-278.135659
0.122918,2.819388,133.186036,-280.410132
0.123018,2.843225,141.603823,-282.360252
0.123118,2.863930,149.935234,-283.976960
0.123218,2.881594,158.176238,-285.255053
0.123318,2.896326,166.319402,-286.193409
0.123418,2.908243,174.353862,-286.794959
0.123518,2.917463,182.265506,-287.066428
0.123618,2.924092,190.037380,-287.017846
0.123718,2.928224,197.650273,-286.661873
0.123818,2.929929,205.083454,-286.012961
0.123918,2.929248,212.315512,-285.086439
0.124018,2.926196,219.325257,-283.897539
0.124118,2.920753,226.092566,-282.460470
0.124218,2.912872,232.599280,-280.787546
0.124318,2.902480,238.829944,-278.888485
0.124418,2.889483,244.772261,-276.769896
0.124518,2.873771,250.417592,-274.434944
0.124618,2.855230,255.761189,-271.883304
0.124718,2.833746,260.801912,-269.111326
0.124818,2.809219,265.541947,-266.112388
0.124918,2.781565,269.986488,-262.877536
0.125018,2.750726,274.143067,-259.396285
0.125118,2.716675,278.020750,-255.657481
0.125218,2.679419,281.629273,-251.650266
0.125318,2.639003,284.978070,-247.364998
0.125418,2.595506,288.075488,-242.794127
0.125518,2.549043,290.928088,-237.932989
0.125618,2.499753,293.540020,-232.780401
0.125718,2.447801,295.912581,-227.339041
0.125818,2.393364,298.043953,-221.615607
0.125918,2.336628,299.929147,-215.620726
0.126018,2.277775,301.560226,-209.368624
0.126118,2.216977,302.926718,-202.876594
0.126218,2.154389,304.016204,-196.164270
0.126318,2.090141,304.815039,-189.252758
0.126418,2.024337,305.309162,-182.163700
0.126518,1.957047,305.484966,-174.918304
0.126618,1.888312,305.330171,-167.536433
0.126718,1.818143,304.834634,-160.035779
0.126818,1.746523,303.991021,-152.431190
0.126918,1.673417,302.795311,-144.734177
0.127018,1.598775,301.247118,-136.952657
0.127118,1.522540,299.349808,-129.090929
0.127218,1.444660,297.110399,-121.149896
0.127318,1.365093,294.539249,-113.127512
0.127418,1.283814,291.649532,-105.019414
0.127518,1.200823,288.456557,-96.819717
0.127618,1.116152,284.976975,-88.521898
0.127718,1.029863,281.227909,-80.119736
0.127818,0.942056,277.226078,-71.608228
0.127918,0.852860,272.986958,-62.984437
0.128018,0.762437,268.524037,-54.248209
0.128118,0.670974,263.848211,-45.402713
0.128218,0.578677,258.967371,-36.454777
0.128318,0.485762,253.886182,-27.414981
0.128418,0.392451,248.606090,-18.297540
0.128518,0.298957,243.125546,-9.119945
0.128618,0.205484,237.440431,0.097598
0.128718,0.112211,231.544610,9.332947
0.128818,0.019296,225.430753,18.562789
0.128918,-0.073138,219.091211,27.763527
0.129018,-0.164996,212.518753,36.912357
0.129118,-0.256219,205.707525,45.988011
0.129218,-0.346775,198.653920,54.971467
0.129318,-0.436662,191.357032,63.846816
0.129418,-0.525898,183.819112,72.601669
0.129518,-0.614514,176.046040,81.227221
0.129618,-0.702549,168.047395,89.718309
0.129718,-0.790040,159.836281,98.073212
0.129818,-0.877015,151.428940,106.293244
0.129918,-0.963485,142.844113,114.382220
0.130018,-1.049439,134.102403,122.345635
0.130118,-1.134839,125.225558,130.189753
0.130218,-1.219616,116.235613,137.920740
0.130318,-1.303672,107.154026,145.543775
0.130418,-1.386877,98.000855,153.062266
0.130518,-1.469077,88.794013,160.477196
0.130618,-1.550095,79.548719,167.786590
0.130718,-1.629741,70.277136,174.985184
0.130818,-1.707813,60.988176,182.064335
0.130918,-1.784114,51.687519,189.012152
0.131018,-1.858450,42.377828,195.813859
0.131118,-1.930646,33.059163,202.452333
0.131218,-2.000548,23.729590,208.908780
0.131318,-2.068028,14.385911,215.163543
0.131418,-2.132991,5.024448,221.196982
0.131518,-2.195375,-4.358152,226.990365
0.131618,-2.255149,-13.764126,232.526705
0.131718,-2.312315,-23.193874,237.791490
0.131818,-2.366901,-32.645327,242.773254
0.131918,-2.418956,-42.113502,247.463981
0.132018,-2.468544,-51.590245,251.859309
0.132118,-2.515738,-61.064193,255.958508
0.132218,-2.560609,-70.520931,259.764254
0.132318,-2.603220,-79.943353,263.282188
0.132418,-2.643621,-89.312196,266.520316
0.132518,-2.681840,-98.606717,269.488266
0.132618,-2.717881,-107.805461,272.196467
0.132718,-2.751720,-116.887090,274.655286
0.132818,-2.783305,-125.831194,276.874192
0.132918,-2.812557,-134.619052,278.860985
0.133018,-2.839374,-143.234290,280.621156
0.133118,-2.863634,-151.663395,282.157403
0.133218,-2.885204,-159.896047,283.469339
0.133318,-2.903943,-167.925253,284.553412
0.133418,-2.919714,-175.747284,285.403043
0.133518,-2.932389,-183.361397,286.008970
0.133618,-2.941856,-190.769392,286.359778
0.133718,-2.948028,-197.975003,286.442583
0.133818,-2.950846,-204.983180,286.243824
0.133918,-2.950280,-211.799308,285.750120
0.134018,-2.946336,-218.428408,284.949126
0.134118,-2.939053,-224.874328,283.830355
0.134218,-2.928499,-231.139133,282.385871
0.134318,-2.914769,-237.222565,280.610880
0.134418,-2.897980,-243.121542,278.504130
0.134518,-2.878263,-248.830088,276.068078
0.134618,-2.855756,-254.339393,273.308880
0.134718,-2.830595,-259.637802,270.236149
0.134818,-2.802912,-264.711200,266.862450
0.134918,-2.772821,-269.543731,263.202725
0.135018,-2.740417,-274.118452,259.273569
0.135118,-2.705770,-278.418091,255.092368
0.135218,-2.668924,-282.425836,250.676443
0.135318,-2.629895,-286.126048,246.042183
0.135418,-2.588673,-289.505057,241.204266
0.135518,-2.545224,-292.551846,236.175034
0.135618,-2.499498,-295.258535,230.964016
0.135718,-2.451429,-297.620688,225.577631
0.135818,-2.400948,-299.637408,220.019110
0.135918,-2.347988,-301.311217,214.288632
0.136018,-2.292490,-302.647790,208.383666
0.136118,-2.234414,-303.655504,202.299509
0.136218,-2.173741,-304.344822,196.029959
0.136318,-2.110479,-304.727563,189.568102
0.136418,-2.044669,-304.816099,182.907149
0.136518,-1.976383,-304.622547,176.041285
0.136618,-1.905724,-304.158017,168.966463
0.136718,-1.832825,-303.431943,161.681105
0.136818,-1.757844,-302.451516,154.186637
0.136918,-1.680957,-301.221280,146.487853
0.137018,-1.602354,-299.742916,138.593058
0.137118,-1.522231,-298.015227,130.514020
0.137218,-1.440779,-296.034348,122.265695
0.137318,-1.358182,-293.794112,113.865766
0.137418,-1.274605,-291.286591,105.334011
0.137518,-1.190194,-288.502747,96.691542
0.137618,-1.105067,-285.433188,87.959972
0.137718,-1.019314,-282.068946,79.160555
0.137818,-0.932995,-278.402261,70.313357
0.137918,-0.846145,-274.427287,61.436520
0.138018,-0.758775,-270.140700,52.545641
0.138118,-0.670873,-265.542163,43.653335
0.138218,-0.582419,-260.634618,34.768991
0.138318,-0.493384,-255.424382,25.898720
0.138418,-0.403741,-249.921046,17.045549
0.138518,-0.313471,-244.137179,8.209791
0.138618,-0.222571,-238.087855,-0.610399
0.138718,-0.131059,-231.789985,-9.418398
0.138818,-0.038981,-225.261671,-18.218237
0.138918,0.053592,-218.521466,-27.013763
0.139018,0.146556,-211.587446,-35.807960
0.139118,0.239780,-204.476558,-44.602072
0.139218,0.333106,-197.204053,-53.394891
0.139318,0.426355,-189.782739,-62.182495
0.139418,0.519330,-182.222579,-70.957920
0.139518,0.611828,-174.530684,-79.710881
0.139618,0.703640,-166.711319,-88.427945
0.139718,0.794566,-158.766076,-97.092860
0.139818,0.884417,-150.694235,-105.687085
0.139918,0.973024,-142.493214,-114.190517
0.140000,1.044887,-135.626608,-121.104707
0.140050,1.088443,-131.379798,-125.300679
0.140118,1.145735,-125.679536,-130.823555
0.140218,1.229872,-117.068332,-138.930199
0.140318,1.312368,-108.320133,-146.866655
0.140418,1.393082,-99.422266,-154.606115
0.140458,1.425163,-95.757757,-157.664954
0.140509,1.464871,-91.461781,-161.507133
0.140576,1.516813,-85.679696,-166.494728
0.140676,1.592974,-76.951631,-173.753290
0.140776,1.667376,-68.166980,-180.825888
0.140876,1.740092,-59.330682,-187.681967
0.140976,1.811232,-50.420174,-194.348159
0.141076,1.880681,-41.627466,-200.845203
0.141176,1.948538,-32.974241,-207.173622
0.141276,2.014717,-24.250236,-213.338782
0.141376,2.079230,-15.523303,-219.349094
0.141476,2.142065,-6.786313,-225.195330
0.141576,2.203157,1.973980,-230.887234
0.141676,2.262425,10.676536,-236.428520
0.141776,2.319722,19.358078,-241.803818
0.141876,2.374960,28.072765,-247.002838
0.141976,2.428030,36.788894,-252.015038
0.142076,2.478845,45.511116,-256.811290
0.142176,2.527266,54.230228,-261.367956
0.142276,2.573171,62.917057,-265.662087
0.142376,2.616456,71.599807,-269.664478
0.142476,2.656986,80.294883,-273.355933
0.142576,2.694640,88.989195,-276.713378
0.142676,2.729358,97.675652,-279.708545
0.142776,2.761110,106.340213,-282.324001
0.142876,2.789884,114.973090,-284.549719
0.142976,2.815669,123.585117,-286.377476
0.143076,2.838456,132.174538,-287.809844
0.143176,2.858256,140.727248,-288.849792
0.143276,2.875114,149.227739,-289.504155
0.143376,2.889084,157.661418,-289.790074
0.143476,2.900239,166.012921,-289.727309
0.143576,2.908646,174.269579,-289.336138
0.143676,2.914338,182.415614,-288.643009
0.143776,2.917332,190.434046,-287.673197
0.143876,2.917630,198.308728,-286.452584
0.143976,2.915235,206.022179,-285.006129
0.144076,2.910159,213.551419,-283.352560
0.144176,2.902412,220.874096,-281.505890
0.144276,2.891984,227.970838,-279.478080
0.144376,2.878842,234.825421,-277.275150
0.144476,2.862930,241.424195,-274.898845
0.144576,2.844186,247.753846,-272.346281
0.144676,2.822564,253.798833,-269.608960
0.144776,2.798030,259.545744,-266.675309
0.144876,2.770569,264.983186,-263.531364
0.144976,2.740177,270.101374,-260.160069
0.145076,2.706859,274.894284,-256.544466
0.145176,2.670630,279.358813,-252.669307
0.145276,2.631529,283.492545,-248.521554
0.145376,2.589615,287.293850,-244.091525
0.145476,2.544970,290.760184,-239.372361
0.145576,2.497695,293.888917,-234.360627
0.145676,2.447897,296.679863,-229.058025
0.145776,2.395685,299.134540,-223.471557
0.145876,2.341168,301.254528,-217.612559
0.145976,2.284453,303.040766,-211.496303
0.146076,2.225650,304.492834,-205.140801
0.146176,2.164861,305.609837,-198.566394
0.146276,2.102180,306.391721,-191.794849
0.146376,2.037683,306.839057,-184.848139
0.146476,1.971424,306.953712,-177.747300
0.146576,1.903436,306.739145,-170.512065
0.146676,1.833738,306.199895,-163.159719
0.146689,1.824191,306.085009,-162.162799
0.146740,1.788206,305.694902,-158.419421
0.146807,1.739646,304.994146,-153.384964
0.146907,1.666031,303.720347,-145.804154
0.147007,1.590763,302.169541,-138.151330
0.147107,1.513700,300.259793,-130.387412
0.147207,1.435065,298.095816,-122.538955
0.147307,1.354894,295.656878,-114.602207
0.147400,1.278809,293.098268,-107.100340
0.147429,1.255015,292.267671,-104.659992
0.147479,1.213071,290.800235,-100.369647
0.147546,1.156739,288.691241,-94.628819
0.147646,1.071818,285.364427,-86.017213
0.147746,0.985689,281.828909,-77.278951
0.147846,0.898313,278.019471,-68.410333
0.147946,0.809972,274.010841,-59.411703
0.148046,0.720916,269.801354,-50.126575
0.148146,0.631135,265.353123,-40.694284
0.148246,0.541023,260.715814,-31.196074
0.148346,0.450005,255.878955,-21.591294
0.148446,0.360203,250.816227,-11.916148
0.148546,0.266011,245.562400,-2.163702
0.148646,0.184203,240.105868,7.695395
0.148647,0.183554,240.074641,7.749789
0.148697,-5.242504,237.150313,12.683838
0.148764,-12.385217,233.182536,19.241057
0.148864,-22.899841,227.110561,29.024948
0.148964,-34.347204,220.814855,38.782513
0.149064,-47.251144,214.226477,48.481197
0.149164,-60.842303,207.428095,58.152445
0.149264,-78.742072,200.245045,67.671244
0.149364,-101.175398,192.743316,77.093030
0.149464,-123.381049,185.050028,86.421627
0.149564,-146.517974,177.096454,95.604151
0.149664,-170.364572,169.017091,104.762441
0.149764,-194.207787,160.841475,113.875357
0.149864,-219.459834,152.501094,122.898012
0.149964,-245.082168,144.092767,131.874364
0.149991,-251.697697,141.812818,134.282460
0.150042,-264.008146,137.579030,138.784068
0.150109,-280.103260,131.889431,144.692831
0.150209,-303.298256,123.418879,153.545261
0.150309,-325.022130,115.141958,162.462102
0.150409,-345.771042,107.008034,171.392357
0.150509,-365.128938,99.063987,180.392717
0.150609,-382.268715,91.315806,189.427553
0.150709,-397.032492,83.632766,198.396702
0.150809,-409.316864,76.080391,207.367405
0.150909,-419.051276,68.759850,216.357576
0.151009,-426.406056,61.623817,225.336774
0.151109,-431.074199,54.646337,234.282648
0.151209,-432.757047,47.755938,243.110461
0.151309,-431.505847,40.852483,251.738107
0.151409,-427.401986,33.957076,260.155842
0.151509,-420.632193,27.094689,268.342158
